1,0.2,70,0.003,1.43,0.23493
2,0.2,70,0.003,1.43,0.23493
3,1,40,0.02,1.34,0.14244
4,1,5,0.7,1.01,0.12671
5,1,10,0.7,1.18,0.10409
6,0.5,30,0.07,1.06,0.13427
7,0.5,30,0.07,1.06,0.13427
8,2,20,0.05,1.03,0.55087
9,2,18,0.5,1.21,0.2776
10,2,18,0.5,1.21,0.2776
11,0.5,2,0.05,1.32,0.19443
12,2,60,0.7,1.31,0.15643
13,1,5,0.03,1,0.20051
14,1,5,0.03,1,0.20051
15,1,17,0.07,1.12,0.17414
16,1,17,0.07,1.12,0.17414
17,1,17,0.07,1.12,0.17414
18,1,17,0.07,1.12,0.17414
19,1,17,0.07,1.12,0.17414
20,1,12,1,1.18,0.10901
21,1,12,1,1.18,0.10901
22,1,12,1,1.18,0.10901
23,0.5,9,0.3,1.02,0.16189
24,1,60,0.05,1.3,0.14754
25,5,17,0.7,1.32,0.8695
26,5,30,0.07,1.34,1.2711
27,7,15,0.3,1.34,1.6876
28,2,40,0.05,1.07,0.56999
29,1,11,0.3,1.04,0.15776
30,2,20,0.5,1.12,0.34094
31,2,40,0.3,1.18,0.35447
32,2,11,0.05,1.31,0.3054
33,2,11,0.05,1.31,0.3054
34,2,11,0.1,1.04,0.49657
35,0.5,40,0.3,1.09,0.16521
36,0.5,10,0.1,1.07,0.14786
37,2,30,0.1,1.32,0.30544
38,0.5,2,0.1,1.28,0.19178
39,0.5,11,0.07,1.28,0.17145
40,0.5,11,0.07,1.28,0.17145
41,1,30,0.7,1.03,0.12611
42,1,30,0.7,1.03,0.12611
43,1,30,0.7,1.03,0.12611
44,5,2,0.5,1.32,0.92373
45,2,10,0.07,1.11,0.46122
46,7,15,0.7,1.28,1.6217
47,0.5,17,0.5,1.03,0.17608
48,0.5,17,0.5,1.03,0.17608
49,1,2,0.7,1.11,0.10364
50,1,2,0.7,1.11,0.10364
51,0.2,2,0.07,1.12,0.1674
52,2,15,0.3,1.1,0.40019
53,0.5,13,0.1,1.24,0.16671
54,1,2,0.1,1.04,0.27023
55,1,2,0.1,1.04,0.27023
56,1,12,0.07,1.13,0.1654
57,1,12,0.07,1.13,0.1654
58,1,12,0.07,1.13,0.1654
59,0.5,5,0.1,1.03,0.1476
60,0.5,5,0.3,1.08,0.16998
61,0.5,13,0.1,1.1,0.14914
62,0.5,13,0.1,1.1,0.14914
63,1,4,0.5,1.25,0.10368
64,1,4,0.5,1.25,0.10368
65,1,4,0.5,1.25,0.10368
66,1,4,0.5,1.25,0.10368
67,0.5,11,0.07,1.21,0.15991
68,0.5,11,0.07,1.21,0.15991
69,0.5,5,0.1,1.13,0.15865
70,2,13,0.7,1.07,0.32907
71,1,2,1,1.12,0.10886
72,1,2,1,1.12,0.10886
73,1,2,1,1.12,0.10886
74,1,2,1,1.12,0.10886
75,1,2,1,1.12,0.10886
76,0.5,12,0.5,1.1,0.18439
77,0.5,12,0.5,1.1,0.18439
78,0.5,15,0.1,1.11,0.14911
79,0.5,15,0.1,1.11,0.14911
80,0.5,30,0.002,1.38,0.14519
81,0.5,30,0.002,1.38,0.14519
82,0.5,30,0.002,1.38,0.14519
83,0.5,30,0.002,1.38,0.14519
84,0.5,30,0.002,1.38,0.14519
85,2,30,0.05,1.03,0.57544
86,1,50,0.07,1.03,0.22472
87,1,60,0.07,1.36,0.10262
88,5,4,0.05,1.37,1.0349
89,5,4,0.05,1.37,1.0349
90,1,40,0.1,1.35,0.092145
91,1,40,0.1,1.35,0.092145
92,1,40,0.1,1.35,0.092145
93,1,40,0.1,1.35,0.092145
94,2,60,0.5,1.15,0.325
95,2,60,0.5,1.15,0.325
96,2,60,0.5,1.15,0.325
97,1,60,0.007,1.36,0.24253
98,7,17,0.05,1.49,1.0452
99,7,17,0.05,1.49,1.0452
100,1,11,0.02,1.29,0.11486
101,1,11,0.02,1.29,0.11486
102,0.5,120,0.03,1.25,0.13034
103,0.5,120,0.03,1.25,0.13034
104,0.5,120,0.03,1.25,0.13034
105,0.5,120,0.03,1.25,0.13034
106,5,60,0.5,1.46,0.4327
107,2,100,0.1,1.27,0.38984
108,7,10,1,1.33,1.2932
109,7,30,0.3,1.41,1.3815
110,7,30,0.3,1.41,1.3815
111,1,11,0.01,1.32,0.10407
112,1,11,0.01,1.32,0.10407
113,1,11,0.01,1.32,0.10407
114,1,13,0.05,1.4,0.090701
115,1,13,0.05,1.4,0.090701
116,1,13,0.05,1.4,0.090701
117,1,9,0.7,1.31,0.11001
118,1,9,0.7,1.31,0.11001
119,1,11,0.02,1.37,0.086133
120,1,30,0.005,1.22,0.19423
121,0.5,11,0.003,1.32,0.16893
122,7,17,0.01,1.4,1.8165
123,1,30,0.1,1.41,0.09095
124,1,18,0.05,1.36,0.088531
125,1,18,0.05,1.36,0.088531
126,1,11,0.02,1.3,0.11072
127,0.5,9,0.03,1.26,0.16447
128,1,10,0.05,1.34,0.089303
129,1,10,0.05,1.34,0.089303
130,1,13,0.003,1.42,0.087999
131,1,13,0.003,1.42,0.087999
132,0.2,2,0.05,1.36,0.11229
133,0.2,2,0.05,1.36,0.11229
134,1,11,0.01,1.33,0.09983
135,1,11,0.01,1.33,0.09983
136,7,5,0.03,1.46,1.2131
137,1,9,0.007,1.33,0.097115
138,2,18,0.01,1.4,0.24063
139,5,12,0.007,1.37,1.1575
140,2,15,0.05,1.24,0.38646
141,2,20,0.03,1.43,0.17983
142,0.5,30,0.03,1.29,0.14629
143,7,40,0.007,1.5,1.5416
144,2,4,0.005,1.36,0.23256
145,2,4,0.005,1.36,0.23256
146,2,20,0.05,1.25,0.39193
147,0.5,17,0.005,1.28,0.1515
148,2,9,0.003,1.29,0.33807
149,2,9,0.003,1.29,0.33807
150,0.5,12,0.03,1.3,0.1679
151,0.5,12,0.03,1.3,0.1679
152,1,11,0.05,1.35,0.086994
153,2,15,0.03,1.27,0.37044
154,1,13,0.01,1.23,0.14486
155,0.5,40,0.05,1.34,0.15708
156,1,13,0.1,1.25,0.11991
157,2,4,0.1,1.43,0.10693
158,2,4,0.1,1.43,0.10693
159,0.5,12,0.03,1.25,0.15895
160,2,5,0.007,1.01,0.53029
161,2,11,0.5,1.33,0.1658
162,0.5,18,0.003,1.04,0.13241
163,0.2,200,0.02,1.29,0.15915
164,0.2,200,0.02,1.29,0.15915
165,10,50,0.3,1.48,1.6781
166,1,13,0.5,1.32,0.1057
167,5,18,0.001,1.54,0.097139
168,5,18,0.001,1.54,0.097139
169,5,18,0.001,1.54,0.097139
170,1,17,0.003,1.21,0.16362
171,1,17,0.003,1.21,0.16362
172,2,9,0.5,1.29,0.20459
173,2,10,0.07,1.39,0.19385
174,5,9,0.003,1.37,1.1256
175,1,20,0.02,1.32,0.11678
176,1,20,0.02,1.32,0.11678
177,2,17,0.05,1.24,0.39244
178,5,9,0.002,1.49,0.52677
179,0.5,50,0.1,1.19,0.14808
180,1,11,0.007,1.36,0.087863
181,1,70,0.07,1.2,0.17683
182,1,11,0.003,1.2,0.15355
183,0.5,40,0.007,1.39,0.1339
184,0.5,40,0.007,1.39,0.1339
185,1,4,0.003,1.35,0.089688
186,1,4,0.003,1.35,0.089688
187,1,4,0.003,1.35,0.089688
188,1,4,0.003,1.35,0.089688
189,1,4,0.003,1.35,0.089688
190,0.5,10,0.05,1.23,0.16115
191,5,13,0.03,1.33,1.2604
192,5,40,0.002,1.5,0.99612
193,2,18,0.01,1.35,0.31142
194,5,12,0.003,1.46,0.77056
195,1,12,0.01,1.21,0.15039
196,10,13,0.005,1.52,1.3869
197,1,20,0.02,1.46,0.090454
198,1,20,0.02,1.46,0.090454
199,1,20,0.02,1.46,0.090454
200,1,20,0.02,1.46,0.090454
201,1,20,0.02,1.46,0.090454
202,1,11,0.007,1.4,0.088042
203,2,20,0.02,1.5,0.046554
204,5,30,0.07,1.42,0.98768
205,2,50,0.007,1.52,0.16096
206,2,50,0.007,1.52,0.16096
207,1,70,0.05,1.43,0.080885
208,2,12,0.1,1.46,0.075364
209,2,12,0.1,1.46,0.075364
210,5,70,0.03,1.51,0.78975
211,5,20,0.07,1.37,1.1331
212,7,30,0.01,1.52,0.96763
213,5,13,0.07,1.44,0.80919
214,7,90,0.03,1.55,0.58369
215,1,70,0.05,1.44,0.076182
216,1,70,0.05,1.44,0.076182
217,1,70,0.05,1.44,0.076182
218,2,40,0.03,1.41,0.28152
219,2,40,0.03,1.41,0.28152
220,5,12,0.03,1.53,0.13649
221,2,30,0.05,1.47,0.1069
222,2,30,0.05,1.47,0.1069
223,2,30,0.05,1.47,0.1069
224,0.5,60,0.007,1.37,0.12314
225,0.5,60,0.007,1.37,0.12314
226,7,50,0.007,1.52,1.5643
227,2,90,0.02,1.55,0.052069
228,2,90,0.02,1.55,0.052069
229,5,10,0.1,1.5,0.36643
230,5,12,0.1,1.51,0.28685
231,2,100,0.05,1.43,0.27698
232,15,70,0.1,1.55,1.1474
233,7,90,0.5,1.33,1.5962
234,0.5,220,0.03,1.08,0.16822
235,0.2,100,0.003,1.42,0.10489
236,0.5,60,0.007,1.4,0.12067
237,2,11,0.005,1.38,0.23877
238,7,9,1,1.23,1.6013
239,2,12,0.005,1.24,0.39943
240,2,12,0.005,1.24,0.39943
241,2,12,0.005,1.24,0.39943
242,1,15,0.003,1.39,0.082244
243,1,15,0.003,1.39,0.082244
244,1,11,0.7,1.33,0.11112
245,1,11,0.7,1.33,0.11112
246,10,40,0.3,1.49,1.5227
247,0.5,12,0.1,1.28,0.17485
248,1,130,0.07,1.39,0.097924
249,1,130,0.07,1.39,0.097924
250,1,130,0.07,1.39,0.097924
251,1,130,0.07,1.39,0.097924
252,1,60,0.001,1.41,0.28683
253,2,50,0.07,1.47,0.11072
254,2,50,0.07,1.47,0.11072
255,2,50,0.07,1.47,0.11072
256,15,110,0.1,1.51,3.2275
257,5,12,0.05,1.4,0.99946
258,5,11,0.03,1.41,0.9721
259,2,5,0.3,1.36,0.1643
260,1,100,0.1,1.44,0.088931
261,1,100,0.1,1.44,0.088931
262,1,100,0.1,1.44,0.088931
263,0.5,80,0.01,1.38,0.14081
264,15,30,0.003,1.54,2.6599
265,0.5,50,0.005,1.45,0.12344
266,5,17,0.003,1.38,1.1956
267,1,13,0.02,1.44,0.092939
268,5,10,0.07,1.34,1.1647
269,5,10,0.07,1.34,1.1647
270,5,18,0.03,1.4,1.0774
271,5,18,0.03,1.4,1.0774
272,5,18,0.03,1.4,1.0774
273,5,13,0.003,1.44,0.89323
274,2,50,0.05,1.51,0.044195
275,2,50,0.05,1.51,0.044195
276,5,20,0.07,1.5,0.44813
277,0.5,140,0.03,1.41,0.11982
278,15,12,0.02,1.48,3.7754
279,10,40,0.5,1.45,1.8088
280,5,50,0.07,1.37,1.2365
281,2,30,0.02,1.42,0.24952
282,2,30,0.02,1.42,0.24952
283,2,100,0.02,1.5,0.41312
284,0.5,60,0.01,1.41,0.11918
285,5,12,0.3,1.39,0.84637
286,2,40,0.3,1.39,0.14366
287,2,40,0.3,1.39,0.14366
288,2,40,0.3,1.39,0.14366
289,0.5,130,0.02,1.48,0.13702
290,2,13,0.02,1.39,0.22562
291,2,13,0.02,1.39,0.22562
292,2,13,0.02,1.39,0.22562
293,2,13,0.02,1.39,0.22562
294,2,13,0.02,1.39,0.22562
295,5,50,0.3,1.53,0.034382
296,5,50,0.3,1.53,0.034382
297,7,120,0.05,1.5,1.3826
298,7,120,0.05,1.5,1.3826
299,10,20,0.03,1.51,1.6751
300,10,20,0.03,1.51,1.6751
301,10,20,0.03,1.51,1.6751
302,10,15,0.5,1.48,1.4253
303,15,15,1,1.44,2.975
304,15,15,1,1.44,2.975
305,5,20,0.07,1.41,0.98636
306,5,90,0.3,1.4,0.84236
307,7,80,0.7,1.41,1.0998
308,7,80,0.7,1.41,1.0998
309,2,18,0.05,1.41,0.1942
310,2,18,0.05,1.41,0.1942
311,5,50,1,1.43,0.38338
312,5,50,1,1.43,0.38338
313,1,12,0.3,1.32,0.099136
314,2,4,0.07,1.19,0.38302
315,0.5,70,0.03,1.33,0.12522
316,5,12,0.007,1.34,1.2511
317,0.5,13,0.02,1.32,0.16893
318,1,13,0.03,1.24,0.13627
319,1,13,0.03,1.24,0.13627
320,1,13,0.03,1.24,0.13627
321,1,30,0.007,1.38,0.11438
322,1,30,0.007,1.38,0.11438
323,1,30,0.007,1.38,0.11438
324,2,20,1,1.41,0.059472
325,2,20,1,1.41,0.059472
326,0.5,40,0.01,1.32,0.12652
327,0.5,40,0.01,1.32,0.12652
328,10,60,0.07,1.47,2.4061
329,10,60,0.07,1.47,2.4061
330,2,90,0.7,1.36,0.10648
331,2,90,0.7,1.36,0.10648
332,2,90,0.7,1.36,0.10648
333,2,90,0.7,1.36,0.10648
334,2,90,0.7,1.36,0.10648
335,2,90,0.7,1.36,0.10648
336,2,90,0.7,1.36,0.10648
337,2,90,0.7,1.36,0.10648
338,2,90,0.7,1.36,0.10648
339,7,18,0.07,1.52,0.59799
340,5,13,0.05,1.52,0.23484
341,1,140,0.07,1.39,0.098823
342,1,140,0.07,1.39,0.098823
343,1,140,0.07,1.39,0.098823
344,1,140,0.07,1.39,0.098823
345,0.2,120,0.02,1.37,0.2665
346,5,17,0.1,1.39,1.0129
347,2,30,0.02,1.48,0.12057
348,5,17,0.05,1.42,0.95483
349,5,17,0.05,1.42,0.95483
350,2,20,0.3,1.39,0.13911
351,2,20,0.3,1.39,0.13911
352,7,18,1,1.41,0.93188
353,10,17,0.07,1.48,2.0145
354,1,18,0.05,1.38,0.085482
355,1,18,0.05,1.38,0.085482
356,1,18,0.05,1.38,0.085482
357,1,18,0.05,1.38,0.085482
358,15,30,0.1,1.48,3.7308
359,5,60,0.07,1.5,0.56796
360,15,11,0.07,1.48,3.6063
361,10,18,0.1,1.53,0.93601
362,10,18,0.1,1.53,0.93601
363,10,18,0.1,1.53,0.93601
364,10,18,0.1,1.53,0.93601
365,1,100,0.05,1.39,0.11495
366,18,18,0.1,1.55,1.4565
367,15,17,0.03,1.5,3.411
368,15,18,0.3,1.49,2.9734
369,10,15,0.3,1.42,2.2752
370,2,120,0.03,1.5,0.2641
371,7,18,0.03,1.42,1.6628
372,5,110,0.03,1.56,0.031572
373,5,110,0.03,1.56,0.031572
374,10,80,0.1,1.52,1.4131
375,5,40,0.1,1.46,0.75211
376,5,40,0.1,1.46,0.75211
377,5,40,0.1,1.46,0.75211
378,5,40,0.1,1.46,0.75211
379,5,40,0.1,1.46,0.75211
380,5,40,0.1,1.46,0.75211
381,10,40,1,1.42,1.6849
382,10,40,1,1.42,1.6849
383,18,30,0.1,1.56,0.32913
384,2,90,0.3,1.47,0.055039
385,10,50,0.1,1.55,0.30019
386,10,50,0.1,1.55,0.30019
387,5,150,0.1,1.52,0.3193
388,5,30,0.7,1.47,0.28878
389,5,30,0.7,1.47,0.28878
390,5,60,0.1,1.44,0.88904
391,5,60,0.1,1.44,0.88904
392,10,60,0.1,1.49,1.9726
393,10,60,0.1,1.49,1.9726
394,10,60,0.1,1.49,1.9726
395,10,60,0.1,1.49,1.9726
396,10,60,0.1,1.49,1.9726
397,10,60,0.1,1.49,1.9726
398,10,60,0.1,1.49,1.9726
399,10,60,0.1,1.49,1.9726
400,10,60,0.1,1.49,1.9726
401,10,60,0.1,1.49,1.9726
402,10,60,0.1,1.49,1.9726
403,10,60,0.1,1.49,1.9726
404,10,60,0.1,1.49,1.9726
405,10,60,0.1,1.49,1.9726
406,10,60,0.1,1.49,1.9726
407,10,60,0.1,1.49,1.9726
408,10,60,0.1,1.49,1.9726
409,10,60,0.1,1.49,1.9726
410,10,60,0.1,1.49,1.9726
411,10,60,0.1,1.49,1.9726
412,10,60,0.1,1.49,1.9726
413,10,60,0.1,1.49,1.9726
414,10,60,0.1,1.49,1.9726
415,10,60,0.1,1.49,1.9726
416,10,60,0.1,1.49,1.9726
417,10,60,0.1,1.49,1.9726
418,10,60,0.1,1.49,1.9726
419,10,60,0.1,1.49,1.9726
420,10,60,0.1,1.49,1.9726
421,10,60,0.1,1.49,1.9726
422,10,60,0.1,1.49,1.9726
423,10,60,0.1,1.49,1.9726
424,10,60,0.1,1.49,1.9726
425,10,60,0.1,1.49,1.9726
426,10,60,0.1,1.49,1.9726
427,10,60,0.1,1.49,1.9726
428,10,60,0.1,1.49,1.9726
429,10,60,0.1,1.49,1.9726
430,10,60,0.1,1.49,1.9726
431,10,60,0.1,1.49,1.9726
432,10,60,0.1,1.49,1.9726
433,10,60,0.1,1.49,1.9726
434,10,60,0.1,1.49,1.9726
435,10,60,0.1,1.49,1.9726
436,10,60,0.1,1.49,1.9726
437,10,60,0.1,1.49,1.9726
438,10,60,0.1,1.49,1.9726
439,10,60,0.1,1.49,1.9726
440,10,60,0.1,1.49,1.9726
441,10,60,0.1,1.49,1.9726
442,10,60,0.1,1.49,1.9726
443,10,60,0.1,1.49,1.9726
444,10,60,0.1,1.49,1.9726
445,10,60,0.1,1.49,1.9726
446,10,60,0.1,1.49,1.9726
447,10,60,0.1,1.49,1.9726
448,10,60,0.1,1.49,1.9726
449,10,60,0.1,1.49,1.9726
450,10,60,0.1,1.49,1.9726
451,10,60,0.1,1.49,1.9726
452,10,60,0.1,1.49,1.9726
453,1,11,0.03,1.27,0.12123
454,1,11,0.03,1.27,0.12123
455,1,11,0.03,1.27,0.12123
456,2,90,0.3,1.44,0.075236
457,2,90,0.3,1.44,0.075236
458,2,4,0.3,1.46,0.057785
459,2,4,0.3,1.46,0.057785
460,1,60,0.05,1.41,0.088389
461,1,60,0.05,1.41,0.088389
462,0.5,80,0.1,1.24,0.15085
463,0.2,110,0.01,1.43,0.14513
464,0.2,110,0.01,1.43,0.14513
465,0.2,110,0.01,1.43,0.14513
466,0.5,190,0.07,1.26,0.1346
467,2,40,0.02,1.24,0.50843
468,1,160,0.03,1.42,0.21296
469,1,160,0.03,1.42,0.21296
470,2,40,0.5,1.33,0.17121
471,2,40,0.5,1.33,0.17121
472,2,40,0.5,1.33,0.17121
473,15,15,1,1.48,2.282
474,5,18,0.07,1.53,0.13157
475,2,110,0.3,1.39,0.1477
476,2,110,0.3,1.39,0.1477
477,2,110,0.3,1.39,0.1477
478,7,70,0.3,1.48,0.87705
479,7,70,0.3,1.48,0.87705
480,5,90,0.1,1.39,1.1272
481,5,90,0.1,1.39,1.1272
482,1,180,0.07,1.36,0.11903
483,1,180,0.07,1.36,0.11903
484,1,180,0.07,1.36,0.11903
485,1,180,0.07,1.36,0.11903
486,1,180,0.07,1.36,0.11903
487,1,70,0.07,1.42,0.080679
488,10,180,0.07,1.56,0.040801
489,2,200,0.1,1.51,0.047676
490,2,200,0.1,1.51,0.047676
491,2,200,0.1,1.51,0.047676
492,2,200,0.1,1.51,0.047676
493,2,200,0.1,1.51,0.047676
494,2,200,0.1,1.51,0.047676
495,2,200,0.1,1.51,0.047676
496,2,200,0.1,1.51,0.047676
497,2,200,0.1,1.51,0.047676
498,2,200,0.1,1.51,0.047676
499,2,200,0.1,1.51,0.047676
500,2,200,0.1,1.51,0.047676
501,2,200,0.1,1.51,0.047676
502,2,200,0.1,1.51,0.047676
503,2,200,0.1,1.51,0.047676
504,2,200,0.1,1.51,0.047676
505,2,200,0.1,1.51,0.047676
506,2,200,0.1,1.51,0.047676
507,2,200,0.1,1.51,0.047676
508,2,200,0.1,1.51,0.047676
509,2,200,0.1,1.51,0.047676
510,18,40,0.3,1.5,3.7091
511,18,40,0.3,1.5,3.7091
512,18,40,0.3,1.5,3.7091
513,18,40,0.3,1.5,3.7091
514,2,40,0.1,1.42,0.17538
515,2,40,0.1,1.42,0.17538
516,2,40,0.1,1.42,0.17538
517,2,40,0.1,1.42,0.17538
518,2,110,0.1,1.49,0.058762
519,2,110,0.1,1.49,0.058762
520,2,110,0.1,1.49,0.058762
521,2,110,0.1,1.49,0.058762
522,2,110,0.1,1.49,0.058762
523,2,110,0.1,1.49,0.058762
524,2,110,0.1,1.49,0.058762
525,2,110,0.1,1.49,0.058762
526,2,110,0.1,1.49,0.058762
527,2,110,0.1,1.49,0.058762
528,2,110,0.1,1.49,0.058762
529,2,110,0.1,1.49,0.058762
530,2,110,0.1,1.49,0.058762
531,2,110,0.1,1.49,0.058762
532,2,110,0.1,1.49,0.058762
533,7,70,0.3,1.42,1.337
534,7,70,0.3,1.42,1.337
535,7,70,0.3,1.42,1.337
536,5,90,0.1,1.48,0.66918
537,5,90,0.1,1.48,0.66918
538,5,90,0.1,1.48,0.66918
539,15,30,0.1,1.52,2.6715
540,10,130,0.1,1.48,2.191
541,10,120,0.1,1.54,0.80989
542,10,30,0.1,1.45,2.379
543,10,30,0.1,1.45,2.379
544,10,140,0.1,1.49,2.0506
545,10,140,0.1,1.49,2.0506
546,10,140,0.1,1.49,2.0506
547,10,50,0.3,1.51,1.1599
548,10,50,0.3,1.51,1.1599
549,10,50,0.3,1.51,1.1599
550,10,50,0.3,1.51,1.1599
551,10,50,0.3,1.51,1.1599
552,10,50,0.3,1.51,1.1599
553,10,50,0.3,1.51,1.1599
554,10,50,0.3,1.51,1.1599
555,10,50,0.3,1.51,1.1599
556,10,50,0.3,1.51,1.1599
557,10,50,0.3,1.51,1.1599
558,10,50,0.3,1.51,1.1599
559,10,50,0.3,1.51,1.1599
560,10,50,0.3,1.51,1.1599
561,10,50,0.3,1.51,1.1599
562,10,50,0.3,1.51,1.1599
563,10,50,0.3,1.51,1.1599
564,10,50,0.3,1.51,1.1599
565,10,50,0.3,1.51,1.1599
566,10,50,0.3,1.51,1.1599
567,10,50,0.3,1.51,1.1599
568,10,50,0.3,1.51,1.1599
569,10,50,0.3,1.51,1.1599
570,10,50,0.3,1.51,1.1599
571,10,50,0.3,1.51,1.1599
572,10,50,0.3,1.51,1.1599
573,10,50,0.3,1.51,1.1599
574,10,50,0.3,1.51,1.1599
575,10,50,0.3,1.51,1.1599
576,10,50,0.3,1.51,1.1599
577,10,50,0.3,1.51,1.1599
578,10,50,0.3,1.51,1.1599
579,10,50,0.3,1.51,1.1599
580,10,50,0.3,1.51,1.1599
581,10,50,0.3,1.51,1.1599
582,10,50,0.3,1.51,1.1599
583,10,50,0.3,1.51,1.1599
584,10,50,0.3,1.51,1.1599
585,10,50,0.3,1.51,1.1599
586,10,50,0.3,1.51,1.1599
587,10,50,0.3,1.51,1.1599
588,10,50,0.3,1.51,1.1599
589,10,50,0.3,1.51,1.1599
590,10,50,0.3,1.51,1.1599
591,10,50,0.3,1.51,1.1599
592,10,50,0.3,1.51,1.1599
593,10,50,0.3,1.51,1.1599
594,10,50,0.3,1.51,1.1599
595,10,50,0.3,1.51,1.1599
596,10,50,0.3,1.51,1.1599
597,10,50,0.3,1.51,1.1599
598,10,50,0.3,1.51,1.1599
599,10,50,0.3,1.51,1.1599
600,10,50,0.3,1.51,1.1599
601,10,50,0.3,1.51,1.1599
602,10,50,0.3,1.51,1.1599
603,10,50,0.3,1.51,1.1599
604,10,50,0.3,1.51,1.1599
605,0.5,11,0.005,1.15,0.14348
606,30,30,0.07,1.55,4.8265
607,2,40,0.01,1.27,0.51923
608,1,130,0.07,1.21,0.18583
609,1,130,0.07,1.21,0.18583
610,2,12,0.007,1.17,0.45509
611,5,60,0.07,1.52,0.35811
612,5,60,0.07,1.52,0.35811
613,1,90,0.7,1.32,0.10941
614,1,11,0.02,1.33,0.098243
615,2,18,0.01,1.51,0.047834
616,0.5,220,0.07,1.35,0.14715
617,0.5,220,0.07,1.35,0.14715
618,0.5,220,0.07,1.35,0.14715
619,0.5,220,0.07,1.35,0.14715
620,1,130,0.03,1.38,0.21237
621,2,90,0.1,1.39,0.24403
622,1,100,0.1,1.36,0.094999
623,5,110,0.1,1.36,1.2397
624,5,110,0.1,1.36,1.2397
625,5,110,0.1,1.36,1.2397
626,5,110,0.1,1.36,1.2397
627,5,110,0.1,1.36,1.2397
628,5,30,0.5,1.48,0.30956
629,5,30,0.5,1.48,0.30956
630,5,30,0.5,1.48,0.30956
631,5,30,0.5,1.48,0.30956
632,5,160,0.1,1.52,0.32252
633,5,160,0.1,1.52,0.32252
634,5,160,0.1,1.52,0.32252
635,5,160,0.1,1.52,0.32252
636,5,160,0.1,1.52,0.32252
637,5,160,0.1,1.52,0.32252
638,5,160,0.1,1.52,0.32252
639,5,160,0.1,1.52,0.32252
640,5,160,0.1,1.52,0.32252
641,5,160,0.1,1.52,0.32252
642,5,160,0.1,1.52,0.32252
643,5,160,0.1,1.52,0.32252
644,5,160,0.1,1.52,0.32252
645,5,160,0.1,1.52,0.32252
646,5,160,0.1,1.52,0.32252
647,5,160,0.1,1.52,0.32252
648,5,160,0.1,1.52,0.32252
649,5,160,0.1,1.52,0.32252
650,5,160,0.1,1.52,0.32252
651,5,160,0.1,1.52,0.32252
652,5,160,0.1,1.52,0.32252
653,5,160,0.1,1.52,0.32252
654,5,160,0.1,1.52,0.32252
655,5,160,0.1,1.52,0.32252
656,5,160,0.1,1.52,0.32252
657,5,160,0.1,1.52,0.32252
658,5,160,0.1,1.52,0.32252
659,5,160,0.1,1.52,0.32252
660,5,160,0.1,1.52,0.32252
661,5,160,0.1,1.52,0.32252
662,5,160,0.1,1.52,0.32252
663,5,160,0.1,1.52,0.32252
664,5,160,0.1,1.52,0.32252
665,5,160,0.1,1.52,0.32252
666,5,160,0.1,1.52,0.32252
667,5,160,0.1,1.52,0.32252
668,5,160,0.1,1.52,0.32252
669,5,160,0.1,1.52,0.32252
670,5,160,0.1,1.52,0.32252
671,5,160,0.1,1.52,0.32252
672,5,160,0.1,1.52,0.32252
673,5,160,0.1,1.52,0.32252
674,5,160,0.1,1.52,0.32252
675,5,160,0.1,1.52,0.32252
676,5,160,0.1,1.52,0.32252
677,5,160,0.1,1.52,0.32252
678,5,160,0.1,1.52,0.32252
679,5,160,0.1,1.52,0.32252
680,5,160,0.1,1.52,0.32252
681,5,160,0.1,1.52,0.32252
682,5,160,0.1,1.52,0.32252
683,5,160,0.1,1.52,0.32252
684,5,160,0.1,1.52,0.32252
685,5,160,0.1,1.52,0.32252
686,5,160,0.1,1.52,0.32252
687,5,160,0.1,1.52,0.32252
688,5,160,0.1,1.52,0.32252
689,5,160,0.1,1.52,0.32252
690,5,160,0.1,1.52,0.32252
691,5,160,0.1,1.52,0.32252
692,5,160,0.1,1.52,0.32252
693,5,160,0.1,1.52,0.32252
694,5,160,0.1,1.52,0.32252
695,0.2,30,0.01,1.1,0.36789
696,0.5,2,0.002,1.16,0.15673
697,0.5,2,0.002,1.16,0.15673
698,0.5,13,0.003,1.19,0.14501
699,0.5,13,0.003,1.19,0.14501
700,0.5,13,0.003,1.19,0.14501
701,10,220,0.07,1.56,0.046288
702,1,170,0.05,1.33,0.16969
703,1,170,0.05,1.33,0.16969
704,1,170,0.05,1.33,0.16969
705,1,170,0.05,1.33,0.16969
706,1,70,0.05,1.46,0.079589
707,2,100,0.3,1.31,0.24342
708,2,60,0.3,1.42,0.10308
709,2,60,0.3,1.42,0.10308
710,2,60,0.3,1.42,0.10308
711,2,60,0.3,1.42,0.10308
712,2,60,0.3,1.42,0.10308
713,2,60,0.3,1.42,0.10308
714,2,60,0.3,1.42,0.10308
715,2,60,0.3,1.42,0.10308
716,2,60,0.3,1.42,0.10308
717,2,60,0.3,1.42,0.10308
718,2,60,0.3,1.42,0.10308
719,2,60,0.3,1.42,0.10308
720,2,60,0.3,1.42,0.10308
721,2,60,0.3,1.42,0.10308
722,2,60,0.3,1.42,0.10308
723,2,60,0.3,1.42,0.10308
724,2,60,0.3,1.42,0.10308
725,2,60,0.3,1.42,0.10308
726,2,60,0.3,1.42,0.10308
727,2,60,0.3,1.42,0.10308
728,2,60,0.3,1.42,0.10308
729,2,60,0.3,1.42,0.10308
730,2,60,0.3,1.42,0.10308
731,2,60,0.3,1.42,0.10308
732,2,60,0.3,1.42,0.10308
733,2,60,0.3,1.42,0.10308
734,2,60,0.3,1.42,0.10308
735,2,60,0.3,1.42,0.10308
736,2,60,0.3,1.42,0.10308
737,2,60,0.3,1.42,0.10308
738,2,60,0.3,1.42,0.10308
739,2,60,0.3,1.42,0.10308
740,2,60,0.3,1.42,0.10308
741,2,60,0.3,1.42,0.10308
742,2,60,0.3,1.42,0.10308
743,2,60,0.3,1.42,0.10308
744,2,60,0.3,1.42,0.10308
745,2,60,0.3,1.42,0.10308
746,2,60,0.3,1.42,0.10308
747,2,60,0.3,1.42,0.10308
748,2,60,0.3,1.42,0.10308
749,2,60,0.3,1.42,0.10308
750,2,60,0.3,1.42,0.10308
751,2,60,0.3,1.42,0.10308
752,2,60,0.3,1.42,0.10308
753,2,60,0.3,1.42,0.10308
754,2,60,0.3,1.42,0.10308
755,2,60,0.3,1.42,0.10308
756,2,60,0.3,1.42,0.10308
757,2,60,0.3,1.42,0.10308
758,2,60,0.3,1.42,0.10308
759,2,60,0.3,1.42,0.10308
760,2,60,0.3,1.42,0.10308
761,2,60,0.3,1.42,0.10308
762,2,60,0.3,1.42,0.10308
763,2,60,0.3,1.42,0.10308
764,2,60,0.3,1.42,0.10308
765,2,60,0.3,1.42,0.10308
766,2,60,0.3,1.42,0.10308
767,2,60,0.3,1.42,0.10308
768,2,60,0.3,1.42,0.10308
769,2,60,0.3,1.42,0.10308
770,2,60,0.3,1.42,0.10308
771,2,60,0.3,1.42,0.10308
772,2,60,0.3,1.42,0.10308
773,2,60,0.3,1.42,0.10308
774,2,60,0.3,1.42,0.10308
775,2,60,0.3,1.42,0.10308
776,2,60,0.3,1.42,0.10308
777,2,60,0.3,1.42,0.10308
778,2,60,0.3,1.42,0.10308
779,2,60,0.3,1.42,0.10308
780,2,60,0.3,1.42,0.10308
781,2,60,0.3,1.42,0.10308
782,2,60,0.3,1.42,0.10308
783,2,60,0.3,1.42,0.10308
784,2,60,0.3,1.42,0.10308
785,2,60,0.3,1.42,0.10308
786,2,60,0.3,1.42,0.10308
787,0.2,170,0.005,1.27,0.09544
788,2,130,0.07,1.31,0.40445
789,0.5,90,0.003,1.2,0.18529
790,1,18,0.07,1.23,0.1374
791,1,18,0.07,1.23,0.1374
792,1,18,0.07,1.23,0.1374
793,1,30,0.03,1.37,0.10181
794,1,30,0.03,1.37,0.10181
795,1,100,0.07,1.37,0.10546
796,1,70,0.03,1.39,0.13709
797,2,12,0.03,1.49,0.050098
798,5,40,0.3,1.48,0.41941
799,0.5,120,0.05,1.41,0.14982
800,0.5,120,0.05,1.41,0.14982
801,0.5,120,0.05,1.41,0.14982
802,0.5,120,0.05,1.41,0.14982
803,0.5,120,0.05,1.41,0.14982
804,2,50,0.5,1.36,0.13883
805,2,50,0.5,1.36,0.13883
806,2,50,0.5,1.36,0.13883
807,2,18,0.1,1.41,0.16904
808,5,20,1,1.4,0.50278
809,5,20,1,1.4,0.50278
810,5,20,1,1.4,0.50278
811,2,120,0.3,1.39,0.14781
812,2,120,0.3,1.39,0.14781
813,1,110,0.07,1.42,0.080168
814,1,110,0.07,1.42,0.080168
815,1,110,0.07,1.42,0.080168
816,1,110,0.07,1.42,0.080168
817,1,110,0.07,1.42,0.080168
818,15,20,0.3,1.54,1.165
819,1,40,0.07,1.43,0.086811
820,1,40,0.07,1.43,0.086811
821,1,40,0.07,1.43,0.086811
822,7,40,0.07,1.45,1.4987
823,7,40,0.07,1.45,1.4987
824,7,50,0.1,1.55,0.037807
825,5,50,0.5,1.42,0.63138
826,5,50,0.5,1.42,0.63138
827,2,130,0.07,1.41,0.26824
828,2,130,0.07,1.41,0.26824
829,2,130,0.07,1.41,0.26824
830,2,130,0.07,1.41,0.26824
831,2,130,0.07,1.41,0.26824
832,2,130,0.07,1.41,0.26824
833,2,130,0.07,1.41,0.26824
834,2,130,0.07,1.41,0.26824
835,2,130,0.07,1.41,0.26824
836,2,130,0.07,1.41,0.26824
837,2,130,0.07,1.41,0.26824
838,2,130,0.07,1.41,0.26824
839,2,130,0.07,1.41,0.26824
840,2,130,0.07,1.41,0.26824
841,2,130,0.07,1.41,0.26824
842,2,130,0.07,1.41,0.26824
843,7,140,0.1,1.52,0.71477
844,7,140,0.1,1.52,0.71477
845,7,140,0.1,1.52,0.71477
846,7,140,0.1,1.52,0.71477
847,7,140,0.1,1.52,0.71477
848,7,140,0.1,1.52,0.71477
849,5,90,0.3,1.46,0.556
850,5,90,0.3,1.46,0.556
851,5,90,0.3,1.46,0.556
852,7,70,0.1,1.42,1.6593
853,7,70,0.1,1.42,1.6593
854,7,70,0.1,1.42,1.6593
855,7,70,0.1,1.42,1.6593
856,7,70,0.1,1.42,1.6593
857,7,70,0.1,1.42,1.6593
858,7,70,0.1,1.42,1.6593
859,7,70,0.1,1.42,1.6593
860,7,70,0.1,1.42,1.6593
861,7,60,0.1,1.43,1.5853
862,7,60,0.1,1.43,1.5853
863,7,60,0.1,1.43,1.5853
864,7,60,0.1,1.43,1.5853
865,7,40,0.1,1.55,0.031446
866,7,40,0.1,1.55,0.031446
867,7,40,0.1,1.55,0.031446
868,7,40,0.1,1.55,0.031446
869,7,40,0.1,1.55,0.031446
870,2,110,0.1,1.48,0.078977
871,2,110,0.1,1.48,0.078977
872,5,80,0.05,1.48,0.87756
873,10,60,0.03,1.56,0.19603
874,10,60,0.03,1.56,0.19603
875,10,20,0.05,1.5,1.7932
876,5,20,0.1,1.51,0.31819
877,5,30,0.05,1.53,0.20684
878,5,30,0.05,1.53,0.20684
879,10,18,0.5,1.54,0.18551
880,7,20,0.07,1.49,1.0293
881,7,20,0.07,1.49,1.0293
882,5,20,0.05,1.51,0.38368
883,15,20,0.1,1.54,1.6334
884,7,18,0.5,1.52,0.22822
885,7,18,0.5,1.52,0.22822
886,7,18,0.5,1.52,0.22822
887,15,30,0.1,1.56,0.0996
888,10,18,0.5,1.55,0.011952
889,10,18,0.5,1.55,0.011952
890,10,18,0.5,1.55,0.011952
891,10,18,0.5,1.55,0.011952
892,10,18,0.5,1.55,0.011952
893,10,18,0.5,1.55,0.011952
894,15,20,0.5,1.55,0.28549
895,15,20,0.5,1.55,0.28549
896,15,20,0.5,1.55,0.28549
897,15,15,0.3,1.53,1.6705
898,7,20,0.3,1.54,0.052012
899,7,15,0.7,1.53,0.040607
900,7,15,0.7,1.53,0.040607
901,10,30,0.5,1.55,0.011902
902,10,20,0.3,1.54,0.33974
903,15,18,0.7,1.53,1.113
904,15,18,0.7,1.53,1.113
905,10,40,0.3,1.54,0.35562
906,10,40,0.3,1.54,0.35562
907,7,40,0.3,1.54,0.058152
908,10,40,0.3,1.55,0.057387
909,7,30,0.5,1.54,0.017018
910,7,30,0.5,1.54,0.017018
911,10,20,0.3,1.55,0.049187
912,10,20,0.3,1.55,0.049187
913,10,30,0.3,1.55,0.054251
914,15,30,0.3,1.53,1.7068
915,0.5,140,0.07,1.2,0.13091
916,10,4,0.002,1.49,1.7709
917,2,80,0.05,1.23,0.50769
918,2,80,0.05,1.23,0.50769
919,2,80,0.05,1.23,0.50769
920,2,80,0.05,1.23,0.50769
921,2,80,0.05,1.23,0.50769
922,1,18,0.1,1.3,0.10431
923,1,18,0.1,1.3,0.10431
924,15,110,0.05,1.53,3.2097
925,10,10,0.7,1.35,2.357
926,1,60,0.02,1.5,0.070843
927,1,60,0.02,1.5,0.070843
928,2,100,0.3,1.4,0.13323
929,2,100,0.3,1.4,0.13323
930,2,100,0.3,1.4,0.13323
931,1,150,0.05,1.49,0.077171
932,1,150,0.05,1.49,0.077171
933,7,9,0.3,1.39,1.4501
934,7,9,0.3,1.39,1.4501
935,7,9,0.3,1.39,1.4501
936,1,5,0.1,1.36,0.095516
937,1,5,0.1,1.36,0.095516
938,1,5,0.1,1.36,0.095516
939,1,5,0.1,1.36,0.095516
940,1,40,0.07,1.44,0.088289
941,2,80,0.7,1.38,0.08612
942,2,80,0.7,1.38,0.08612
943,2,80,0.7,1.38,0.08612
944,2,9,0.3,1.42,0.091891
945,2,9,0.3,1.42,0.091891
946,5,5,0.03,1.44,0.77441
947,15,17,0.3,1.46,3.5418
948,2,5,0.05,1.47,0.056171
949,2,5,0.05,1.47,0.056171
950,18,100,0.03,1.55,3.747
951,2,20,0.05,1.42,0.18269
952,2,20,0.05,1.42,0.18269
953,20,11,0.5,1.49,4.1989
954,15,15,0.7,1.53,1.1056
955,5,100,0.05,1.4,1.3419
956,7,13,1,1.42,0.87065
957,2,13,0.1,1.39,0.19059
958,5,40,0.1,1.46,0.75211
959,10,20,0.7,1.47,1.3862
960,10,50,0.07,1.55,0.41426
961,10,50,0.07,1.55,0.41426
962,5,18,0.1,1.42,0.89694
963,5,13,0.3,1.45,0.58177
964,10,10,0.5,1.52,0.68419
965,10,10,0.5,1.52,0.68419
966,15,30,0.5,1.48,2.893
967,15,30,0.5,1.48,2.893
968,1,12,0.05,1.41,0.092553
969,1,12,0.05,1.41,0.092553
970,10,30,0.7,1.4,2.0627
971,10,30,0.7,1.4,2.0627
972,5,15,0.3,1.48,0.40263
973,5,15,0.3,1.48,0.40263
974,15,10,0.05,1.49,3.4123
975,2,13,0.05,1.46,0.091832
976,2,13,0.05,1.46,0.091832
977,2,13,0.05,1.46,0.091832
978,10,15,0.1,1.45,2.2861
979,2,100,0.07,1.44,0.20221
980,10,60,0.3,1.49,1.5294
981,10,60,0.3,1.49,1.5294
982,7,30,0.5,1.43,1.1014
983,7,30,0.5,1.43,1.1014
984,7,30,0.5,1.43,1.1014
985,7,13,0.7,1.42,1.0272
986,7,13,0.7,1.42,1.0272
987,7,13,0.7,1.42,1.0272
988,7,13,0.7,1.42,1.0272
989,7,13,0.7,1.42,1.0272
990,7,12,0.3,1.49,0.73039
991,20,15,0.5,1.47,4.7359
992,5,17,0.05,1.47,0.68864
993,5,17,0.05,1.47,0.68864
994,5,70,0.5,1.44,0.53972
995,5,70,0.5,1.44,0.53972
996,5,70,0.5,1.44,0.53972
997,5,70,0.5,1.44,0.53972
998,5,70,0.5,1.44,0.53972
999,5,70,0.5,1.44,0.53972
1000,7,20,0.07,1.52,0.61188
1001,10,30,0.07,1.5,1.8161
1002,10,30,0.07,1.5,1.8161
1003,10,17,1,1.54,0.017673
1004,10,17,1,1.54,0.017673
1005,18,17,0.1,1.52,3.4552
1006,2,180,0.07,1.37,0.34058
1007,0.2,2,0.01,1.4,0.10628
1008,0.2,140,0.007,1.34,0.097363
1009,1,100,0.03,1.35,0.1988
1010,1,18,0.03,1.2,0.15944
1011,1,18,0.03,1.2,0.15944
1012,5,70,0.1,1.37,1.1831
1013,0.5,190,0.02,1.38,0.20743
1014,0.5,190,0.02,1.38,0.20743
1015,0.5,190,0.02,1.38,0.20743
1016,1,70,0.1,1.38,0.083943
1017,22,10,0.1,1.55,2.141
1018,5,15,1,1.37,0.60637
1019,7,90,0.1,1.53,0.50075
1020,2,140,0.1,1.48,0.082001
1021,2,140,0.1,1.48,0.082001
1022,10,18,0.1,1.5,1.6407
1023,2,4,0.03,1.42,0.13865
1024,0.5,130,0.02,1.38,0.15448
1025,0.5,130,0.02,1.38,0.15448
1026,0.5,130,0.02,1.38,0.15448
1027,0.5,130,0.02,1.38,0.15448
1028,0.5,130,0.02,1.38,0.15448
1029,1,13,0.03,1.41,0.089871
1030,5,17,0.03,1.41,1.0286
1031,15,30,0.7,1.47,2.8225
1032,1,20,0.07,1.38,0.086966
1033,15,12,0.05,1.56,0.082364
1034,15,12,0.05,1.56,0.082364
1035,15,12,0.05,1.56,0.082364
1036,15,12,0.05,1.56,0.082364
1037,15,12,0.05,1.56,0.082364
1038,15,12,0.05,1.56,0.082364
1039,2,17,0.05,1.39,0.22262
1040,2,17,0.05,1.39,0.22262
1041,2,17,0.05,1.39,0.22262
1042,2,17,0.05,1.39,0.22262
1043,2,11,0.1,1.45,0.090487
1044,2,11,0.1,1.45,0.090487
1045,2,11,0.1,1.45,0.090487
1046,2,11,0.1,1.45,0.090487
1047,2,11,0.1,1.45,0.090487
1048,2,11,0.1,1.45,0.090487
1049,2,30,0.1,1.43,0.14998
1050,2,30,0.1,1.43,0.14998
1051,2,30,0.1,1.43,0.14998
1052,5,60,0.05,1.54,0.15869
1053,7,60,0.1,1.41,1.7043
1054,7,60,0.1,1.41,1.7043
1055,2,90,0.07,1.5,0.060305
1056,18,30,0.7,1.49,3.2877
1057,15,15,0.5,1.5,2.3975
1058,5,17,0.5,1.44,0.5308
1059,5,17,0.5,1.44,0.5308
1060,5,17,0.5,1.44,0.5308
1061,5,17,0.5,1.44,0.5308
1062,5,17,0.5,1.44,0.5308
1063,7,18,0.07,1.54,0.20733
1064,7,18,0.07,1.54,0.20733
1065,7,15,0.7,1.42,1.0287
1066,7,30,0.05,1.46,1.4406
1067,7,30,0.05,1.46,1.4406
1068,7,30,0.05,1.46,1.4406
1069,2,20,0.07,1.46,0.097808
1070,5,90,0.1,1.54,0.062219
1071,5,90,0.1,1.54,0.062219
1072,5,90,0.1,1.54,0.062219
1073,7,80,0.07,1.54,0.38548
1074,7,13,0.05,1.42,1.5667
1075,5,30,0.5,1.44,0.53569
1076,15,15,0.1,1.48,3.591
1077,10,60,0.3,1.47,1.8139
1078,10,60,0.3,1.47,1.8139
1079,10,60,0.3,1.47,1.8139
1080,10,60,0.3,1.47,1.8139
1081,15,17,0.3,1.45,3.6967
1082,10,12,0.3,1.44,2.0884
1083,10,12,0.3,1.44,2.0884
1084,18,10,1,1.48,3.1376
1085,15,30,0.05,1.56,0.24638
1086,15,30,0.05,1.56,0.24638
1087,15,30,0.05,1.56,0.24638
1088,20,18,0.3,1.54,2.2381
1089,20,18,0.3,1.54,2.2381
1090,20,18,0.3,1.54,2.2381
1091,10,18,0.5,1.52,0.69865
1092,10,18,0.5,1.52,0.69865
1093,10,18,0.5,1.52,0.69865
1094,10,18,0.5,1.52,0.69865
1095,10,18,0.5,1.52,0.69865
1096,10,18,0.5,1.52,0.69865
1097,10,18,0.5,1.52,0.69865
1098,10,18,0.5,1.52,0.69865
1099,10,18,0.5,1.52,0.69865
1100,10,18,0.5,1.52,0.69865
1101,10,18,0.5,1.52,0.69865
1102,10,20,0.1,1.55,0.21395
1103,10,20,0.1,1.55,0.21395
1104,10,20,0.1,1.55,0.21395
1105,10,20,0.1,1.55,0.21395
1106,10,20,0.1,1.55,0.21395
1107,15,50,0.1,1.54,1.8257
1108,15,50,0.1,1.54,1.8257
1109,15,40,0.3,1.53,1.7172
1110,10,18,0.3,1.53,0.63809
1111,10,18,0.3,1.53,0.63809
1112,10,18,0.3,1.53,0.63809
1113,7,40,0.3,1.53,0.20671
1114,7,40,0.3,1.53,0.20671
1115,0.2,140,0.07,1.01,0.34951
1116,0.5,9,0.005,1.09,0.13947
1117,0.5,9,0.005,1.09,0.13947
1118,0.5,9,0.005,1.09,0.13947
1119,1,15,0.02,1.44,0.091197
1120,1,15,0.02,1.44,0.091197
1121,7,9,0.03,1.42,1.5465
1122,2,12,0.07,1.4,0.1844
1123,2,12,0.07,1.4,0.1844
1124,5,17,0.05,1.46,0.75093
1125,1,15,0.02,1.37,0.086825
1126,1,15,0.02,1.37,0.086825
1127,22,70,0.07,1.54,4.1696
1128,2,18,0.1,1.48,0.050994
1129,5,60,0.1,1.38,1.1394
1130,5,9,0.03,1.39,1.0298
1131,7,15,0.7,1.48,0.57356
1132,5,4,0.03,1.49,0.44941
1133,7,12,0.3,1.43,1.2349
1134,10,13,1,1.54,0.016755
1135,10,13,1,1.54,0.016755
1136,10,13,1,1.54,0.016755
1137,10,13,1,1.54,0.016755
1138,15,15,0.7,1.55,0.13641
1139,15,15,0.7,1.55,0.13641
1140,15,15,0.7,1.55,0.13641
1141,15,15,0.7,1.55,0.13641
1142,15,15,0.7,1.55,0.13641
1143,15,15,0.7,1.55,0.13641
1144,15,15,0.03,1.56,0.14637
1145,15,15,0.03,1.56,0.14637
1146,15,5,0.07,1.55,0.75774
1147,15,5,0.07,1.55,0.75774
1148,15,5,0.07,1.55,0.75774
1149,20,9,0.5,1.51,3.4753
1150,20,11,0.07,1.54,2.8283
1151,20,11,0.07,1.54,2.8283
1152,2,10,0.3,1.4,0.11983
1153,2,10,0.3,1.4,0.11983
1154,2,10,0.3,1.4,0.11983
1155,2,10,0.3,1.4,0.11983
1156,2,10,0.3,1.4,0.11983
1157,2,10,0.3,1.4,0.11983
1158,7,60,0.1,1.45,1.447
1159,5,30,0.5,1.42,0.62966
1160,5,30,0.5,1.42,0.62966
1161,2,9,0.05,1.5,0.053371
1162,10,50,0.05,1.56,0.022786
1163,20,30,0.05,1.54,3.3918
1164,20,30,0.05,1.54,3.3918
1165,10,30,0.3,1.47,1.7983
1166,10,30,0.3,1.47,1.7983
1167,10,30,0.3,1.47,1.7983
1168,10,30,0.3,1.47,1.7983
1169,10,50,1,1.43,1.5974
1170,2,90,0.1,1.5,0.047761
1171,7,15,0.3,1.53,0.19097
1172,7,15,0.3,1.53,0.19097
1173,7,15,0.3,1.53,0.19097
1174,7,15,0.3,1.53,0.19097
1175,15,10,0.1,1.49,3.3086
1176,15,10,0.1,1.49,3.3086
1177,2,70,0.05,1.46,0.18532
1178,7,30,0.05,1.54,0.316
1179,7,30,0.05,1.54,0.316
1180,5,20,0.1,1.48,0.5696
1181,10,110,0.05,1.52,1.9397
1182,10,110,0.05,1.52,1.9397
1183,10,110,0.05,1.52,1.9397
1184,10,110,0.05,1.52,1.9397
1185,7,80,0.1,1.52,0.68521
1186,7,80,0.1,1.52,0.68521
1187,7,80,0.1,1.52,0.68521
1188,7,80,0.1,1.52,0.68521
1189,1,11,0.07,1.42,0.096133
1190,1,11,0.07,1.42,0.096133
1191,5,11,0.07,1.49,0.47968
1192,5,11,0.07,1.49,0.47968
1193,5,11,0.07,1.49,0.47968
1194,18,20,0.05,1.55,1.7226
1195,18,20,0.05,1.55,1.7226
1196,20,20,0.07,1.55,2.0484
1197,20,20,0.07,1.55,2.0484
1198,7,18,0.1,1.55,0.015992
1199,18,15,1,1.53,1.3411
1200,18,30,0.1,1.53,3.1104
1201,7,18,0.5,1.5,0.48062
1202,7,18,0.5,1.5,0.48062
1203,7,18,0.5,1.5,0.48062
1204,5,15,0.5,1.51,0.10012
1205,5,15,0.5,1.51,0.10012
1206,7,30,0.1,1.54,0.20822
1207,10,20,0.7,1.53,0.3132
1208,10,20,0.7,1.53,0.3132
1209,15,17,0.1,1.52,2.5523
1210,15,17,0.1,1.52,2.5523
1211,15,60,0.3,1.51,2.4898
1212,5,17,0.1,1.51,0.3078
1213,0.2,50,0.002,1.26,0.31817
1214,2,2,0.002,1.03,0.50595
1215,20,11,0.005,1.54,3.0946
1216,0.5,18,0.01,1.22,0.14331
1217,1,180,0.3,1.29,0.093946
1218,1,13,0.007,1.38,0.083813
1219,1,13,0.007,1.38,0.083813
1220,1,13,0.007,1.38,0.083813
1221,1,13,0.007,1.38,0.083813
1222,1,13,0.007,1.38,0.083813
1223,10,5,0.02,1.46,2.1638
1224,10,90,0.05,1.53,1.5894
1225,10,90,0.05,1.53,1.5894
1226,10,90,0.05,1.53,1.5894
1227,10,90,0.05,1.53,1.5894
1228,2,90,0.03,1.43,0.38187
1229,2,5,0.02,1.36,0.23271
1230,2,5,0.02,1.36,0.23271
1231,1,90,0.03,1.44,0.11994
1232,1,140,0.1,1.43,0.086353
1233,1,10,0.03,1.37,0.087923
1234,1,10,0.03,1.37,0.087923
1235,1,10,0.03,1.37,0.087923
1236,10,110,0.03,1.56,0.65353
1237,7,20,0.5,1.41,1.2174
1238,7,20,0.5,1.41,1.2174
1239,5,20,0.05,1.51,0.38368
1240,5,20,0.05,1.51,0.38368
1241,5,20,0.05,1.51,0.38368
1242,5,20,0.05,1.51,0.38368
1243,7,15,0.5,1.43,1.0909
1244,2,60,0.3,1.4,0.1317
1245,2,60,0.3,1.4,0.1317
1246,5,11,0.03,1.49,0.51907
1247,1,130,0.1,1.39,0.082953
1248,1,130,0.1,1.39,0.082953
1249,7,11,0.07,1.41,1.5764
1250,2,17,0.1,1.48,0.051214
1251,15,60,0.1,1.54,1.8569
1252,7,110,0.1,1.49,1.1269
1253,7,110,0.1,1.49,1.1269
1254,7,110,0.1,1.49,1.1269
1255,7,110,0.1,1.49,1.1269
1256,7,110,0.1,1.49,1.1269
1257,7,110,0.1,1.49,1.1269
1258,18,40,0.1,1.54,2.5341
1259,7,40,0.3,1.43,1.2667
1260,2,11,0.1,1.48,0.052771
1261,2,11,0.1,1.48,0.052771
1262,2,11,0.1,1.48,0.052771
1263,2,11,0.1,1.48,0.052771
1264,7,120,0.07,1.54,0.43066
1265,7,13,0.3,1.54,0.046155
1266,7,13,0.3,1.54,0.046155
1267,7,60,0.07,1.43,1.6993
1268,7,40,0.7,1.43,0.97544
1269,10,15,0.05,1.54,0.67429
1270,10,20,0.5,1.44,1.8981
1271,7,10,0.07,1.44,1.3816
1272,2,110,0.07,1.48,0.11501
1273,7,15,0.5,1.48,0.69382
1274,5,30,0.07,1.48,0.65227
1275,2,100,0.3,1.42,0.10426
1276,2,100,0.3,1.42,0.10426
1277,7,13,0.1,1.42,1.498
1278,7,13,0.1,1.42,1.498
1279,7,13,0.1,1.42,1.498
1280,7,50,0.7,1.42,1.0403
1281,7,50,0.7,1.42,1.0403
1282,5,12,0.5,1.46,0.42001
1283,5,12,0.5,1.46,0.42001
1284,5,12,0.5,1.46,0.42001
1285,7,15,0.05,1.48,1.1311
1286,7,10,0.1,1.51,0.65391
1287,7,10,0.1,1.51,0.65391
1288,7,10,0.1,1.51,0.65391
1289,2,110,0.05,1.53,0.042426
1290,2,110,0.05,1.53,0.042426
1291,2,110,0.05,1.53,0.042426
1292,2,110,0.05,1.53,0.042426
1293,2,110,0.05,1.53,0.042426
1294,2,110,0.05,1.53,0.042426
1295,2,110,0.05,1.53,0.042426
1296,2,110,0.05,1.53,0.042426
1297,10,13,0.7,1.47,1.3805
1298,10,13,0.7,1.47,1.3805
1299,10,13,0.7,1.47,1.3805
1300,5,70,0.07,1.53,0.24486
1301,5,70,0.07,1.53,0.24486
1302,5,70,0.07,1.53,0.24486
1303,5,70,0.1,1.5,0.49379
1304,5,70,0.1,1.5,0.49379
1305,7,20,0.5,1.51,0.35964
1306,7,20,0.5,1.51,0.35964
1307,7,20,0.5,1.51,0.35964
1308,7,20,0.5,1.51,0.35964
1309,10,17,0.3,1.51,1.1288
1310,5,50,0.3,1.51,0.18979
1311,0.5,110,0.02,1.04,0.16135
1312,5,10,0.005,1.46,0.74266
1313,0.5,20,0.007,1.11,0.1317
1314,0.5,20,0.007,1.11,0.1317
1315,7,11,0.01,1.39,1.7677
1316,2,150,0.07,1.38,0.32088
1317,2,150,0.07,1.38,0.32088
1318,7,15,0.007,1.46,1.402
1319,7,17,1,1.47,0.51675
1320,7,17,1,1.47,0.51675
1321,7,17,1,1.47,0.51675
1322,7,17,1,1.47,0.51675
1323,15,11,0.3,1.55,0.48302
1324,15,11,0.3,1.55,0.48302
1325,15,11,0.3,1.55,0.48302
1326,15,11,0.3,1.55,0.48302
1327,15,11,0.3,1.55,0.48302
1328,15,11,0.3,1.55,0.48302
1329,15,11,0.3,1.55,0.48302
1330,5,12,0.02,1.45,0.80503
1331,5,12,0.02,1.45,0.80503
1332,2,90,0.3,1.48,0.055603
1333,2,90,0.3,1.48,0.055603
1334,2,90,0.3,1.48,0.055603
1335,2,90,0.3,1.48,0.055603
1336,7,17,0.03,1.45,1.4525
1337,5,10,0.3,1.38,0.8776
1338,2,100,0.1,1.48,0.077777
1339,22,13,0.05,1.53,4.289
1340,5,15,0.07,1.38,1.0714
1341,5,15,0.07,1.38,1.0714
1342,10,130,0.07,1.49,2.2734
1343,5,18,1,1.41,0.4644
1344,2,80,0.1,1.47,0.095319
1345,2,80,0.1,1.47,0.095319
1346,5,10,0.05,1.44,0.80621
1347,2,10,0.07,1.49,0.05282
1348,2,10,0.07,1.49,0.05282
1349,2,10,0.07,1.49,0.05282
1350,7,12,1,1.39,1.0352
1351,1,60,0.1,1.41,0.087074
1352,5,13,0.07,1.52,0.21689
1353,5,13,0.07,1.52,0.21689
1354,5,13,0.07,1.52,0.21689
1355,7,13,0.05,1.51,0.74587
1356,2,13,0.05,1.42,0.1633
1357,2,13,0.05,1.42,0.1633
1358,2,13,0.05,1.42,0.1633
1359,2,13,0.05,1.42,0.1633
1360,2,13,0.05,1.42,0.1633
1361,7,17,0.3,1.42,1.3082
1362,5,40,0.3,1.42,0.75024
1363,5,50,1,1.4,0.50564
1364,5,40,0.05,1.54,0.10903
1365,5,15,0.3,1.43,0.68609
1366,5,15,0.3,1.43,0.68609
1367,2,10,0.1,1.4,0.16926
1368,10,50,0.7,1.42,1.9132
1369,10,50,0.7,1.42,1.9132
1370,5,30,0.3,1.46,0.54271
1371,5,30,0.3,1.46,0.54271
1372,5,30,0.3,1.46,0.54271
1373,5,30,0.3,1.46,0.54271
1374,10,10,0.7,1.42,1.89
1375,7,13,0.3,1.52,0.34061
1376,7,13,0.3,1.52,0.34061
1377,5,10,1,1.45,0.28722
1378,5,10,1,1.45,0.28722
1379,5,10,1,1.45,0.28722
1380,5,10,1,1.45,0.28722
1381,5,10,1,1.45,0.28722
1382,5,10,1,1.45,0.28722
1383,10,10,0.1,1.45,2.2353
1384,10,10,0.1,1.45,2.2353
1385,2,11,0.7,1.42,0.058682
1386,2,11,0.7,1.42,0.058682
1387,2,11,0.7,1.42,0.058682
1388,2,11,0.7,1.42,0.058682
1389,2,11,0.7,1.42,0.058682
1390,20,100,0.05,1.53,4.8616
1391,10,80,0.1,1.47,2.2795
1392,5,30,0.07,1.53,0.17042
1393,5,30,0.07,1.53,0.17042
1394,5,30,0.07,1.53,0.17042
1395,5,30,0.07,1.53,0.17042
1396,5,30,0.07,1.53,0.17042
1397,5,30,0.07,1.53,0.17042
1398,5,30,0.07,1.53,0.17042
1399,5,30,0.07,1.53,0.17042
1400,10,70,0.1,1.51,1.6276
1401,15,20,0.1,1.56,0.068946
1402,10,20,0.5,1.54,0.18826
1403,10,20,0.5,1.54,0.18826
1404,7,15,0.3,1.54,0.047786
1405,7,15,0.3,1.54,0.047786
1406,7,15,0.3,1.54,0.047786
1407,15,20,0.5,1.53,1.3685
1408,15,20,0.5,1.53,1.3685
1409,10,20,0.5,1.52,0.69999
1410,7,50,0.1,1.53,0.4583
1411,15,18,0.7,1.55,0.14066
1412,15,18,0.7,1.55,0.14066
1413,15,18,0.7,1.55,0.14066
1414,10,20,0.7,1.54,0.092248
1415,2,90,0.05,1.31,0.44085
1416,1,18,0.05,1.06,0.19982
1417,1,18,0.05,1.06,0.19982
1418,2,110,0.07,1.24,0.46627
1419,1,170,0.07,1.42,0.083758
1420,1,170,0.07,1.42,0.083758
1421,30,10,0.01,1.56,2.1221
1422,7,40,0.7,1.36,1.3418
1423,5,110,0.05,1.52,0.55324
1424,5,110,0.05,1.52,0.55324
1425,5,110,0.05,1.52,0.55324
1426,5,110,0.05,1.52,0.55324
1427,5,110,0.05,1.52,0.55324
1428,5,13,0.3,1.34,1.0104
1429,5,13,0.3,1.34,1.0104
1430,22,9,0.7,1.52,3.2364
1431,10,10,0.05,1.49,1.8159
1432,1,12,0.05,1.43,0.095222
1433,1,100,0.05,1.48,0.079261
1434,1,80,0.03,1.5,0.072495
1435,1,80,0.03,1.5,0.072495
1436,7,80,0.1,1.55,0.051847
1437,7,80,0.1,1.55,0.051847
1438,7,80,0.1,1.55,0.051847
1439,7,80,0.1,1.55,0.051847
1440,10,11,0.07,1.55,0.19538
1441,10,11,0.07,1.55,0.19538
1442,10,11,0.07,1.55,0.19538
1443,10,11,0.07,1.55,0.19538
1444,10,11,0.07,1.55,0.19538
1445,10,11,0.07,1.55,0.19538
1446,5,13,0.3,1.41,0.77048
1447,5,11,0.3,1.52,0.090378
1448,10,17,0.3,1.42,2.2806
1449,10,17,0.3,1.42,2.2806
1450,10,17,0.3,1.42,2.2806
1451,10,17,0.3,1.42,2.2806
1452,18,12,0.7,1.55,0.39279
1453,5,17,0.5,1.5,0.17
1454,5,17,0.5,1.5,0.17
1455,5,30,0.3,1.49,0.34344
1456,5,30,0.3,1.49,0.34344
1457,7,50,0.5,1.42,1.167
1458,10,17,0.1,1.55,0.19907
1459,10,17,0.1,1.55,0.19907
1460,10,17,0.1,1.55,0.19907
1461,10,60,0.07,1.49,2.1327
1462,10,60,0.07,1.49,2.1327
1463,1,70,0.05,1.4,0.09809
1464,18,15,0.07,1.56,0.29274
1465,1,60,0.05,1.42,0.08302
1466,1,60,0.05,1.42,0.08302
1467,1,60,0.05,1.42,0.08302
1468,10,12,0.3,1.41,2.3447
1469,7,80,0.3,1.41,1.3962
1470,10,11,0.07,1.44,2.3944
1471,22,13,0.1,1.52,4.6564
1472,5,17,0.1,1.54,0.022175
1473,5,17,0.1,1.54,0.022175
1474,5,17,0.1,1.54,0.022175
1475,5,17,0.1,1.54,0.022175
1476,5,17,0.1,1.54,0.022175
1477,5,17,0.1,1.54,0.022175
1478,22,13,0.5,1.48,5.1676
1479,5,40,0.05,1.51,0.48621
1480,5,40,0.05,1.51,0.48621
1481,10,15,0.05,1.53,1.0201
1482,2,17,0.05,1.41,0.19137
1483,2,17,0.05,1.41,0.19137
1484,10,20,0.5,1.49,1.281
1485,18,11,1,1.46,3.5815
1486,7,17,0.05,1.55,0.031638
1487,15,17,0.07,1.55,0.98027
1488,15,17,0.07,1.55,0.98027
1489,10,15,1,1.45,1.3939
1490,10,15,1,1.45,1.3939
1491,10,15,1,1.45,1.3939
1492,7,60,0.3,1.49,0.76612
1493,7,11,1,1.49,0.33526
1494,7,11,1,1.49,0.33526
1495,7,11,1,1.49,0.33526
1496,7,11,1,1.49,0.33526
1497,7,20,0.07,1.48,1.1356
1498,10,13,0.3,1.51,1.1158
1499,7,18,0.5,1.53,0.099151
1500,7,18,0.5,1.53,0.099151
1501,7,18,0.5,1.53,0.099151
1502,7,18,0.5,1.53,0.099151
1503,7,18,0.5,1.53,0.099151
1504,7,18,0.5,1.53,0.099151
1505,7,18,0.5,1.53,0.099151
1506,15,20,0.1,1.49,3.4216
1507,15,18,0.1,1.55,0.89785
1508,15,18,0.1,1.55,0.89785
1509,5,50,0.3,1.5,0.27209
1510,5,50,0.3,1.5,0.27209
1511,5,50,0.3,1.5,0.27209
1512,7,20,0.3,1.53,0.19714
1513,7,20,0.3,1.53,0.19714
1514,7,20,0.3,1.53,0.19714
1515,7,20,0.3,1.53,0.19714
1516,1,18,0.03,1.42,0.087364
1517,1,18,0.03,1.42,0.087364
1518,1,18,0.03,1.42,0.087364
1519,1,18,0.03,1.42,0.087364
1520,5,15,0.07,1.31,1.2819
1521,2,17,0.7,1.39,0.07355
1522,7,30,0.7,1.42,1.0345
1523,2,11,0.5,1.41,0.075156
1524,2,11,0.5,1.41,0.075156
1525,2,11,0.5,1.41,0.075156
1526,28,10,0.3,1.51,6.5224
1527,28,10,0.3,1.51,6.5224
1528,7,15,0.07,1.49,0.99107
1529,7,15,0.07,1.49,0.99107
1530,0.5,140,0.02,1.44,0.16291
1531,0.5,140,0.02,1.44,0.16291
1532,7,15,0.5,1.46,0.87339
1533,2,140,0.07,1.42,0.25262
1534,5,13,0.5,1.42,0.62021
1535,5,13,0.5,1.42,0.62021
1536,5,13,0.5,1.42,0.62021
1537,5,13,0.5,1.42,0.62021
1538,10,17,0.5,1.51,0.91629
1539,5,50,0.1,1.4,1.0541
1540,5,50,0.1,1.4,1.0541
1541,5,50,0.1,1.4,1.0541
1542,15,5,0.03,1.56,0.038532
1543,15,5,0.03,1.56,0.038532
1544,15,5,0.03,1.56,0.038532
1545,15,5,0.03,1.56,0.038532
1546,15,12,0.1,1.55,0.82647
1547,7,11,0.03,1.4,1.685
1548,7,11,0.03,1.4,1.685
1549,5,20,0.07,1.47,0.67754
1550,5,20,0.07,1.47,0.67754
1551,5,20,0.07,1.47,0.67754
1552,5,20,0.07,1.47,0.67754
1553,2,60,0.03,1.4,0.35679
1554,2,60,0.03,1.4,0.35679
1555,2,70,0.05,1.51,0.055053
1556,10,30,0.05,1.52,1.4846
1557,10,60,0.3,1.42,2.3187
1558,10,60,0.3,1.42,2.3187
1559,10,60,0.3,1.42,2.3187
1560,10,60,0.3,1.42,2.3187
1561,10,18,0.05,1.48,2.0797
1562,1,120,0.1,1.42,0.085474
1563,15,50,0.05,1.51,3.5012
1564,7,40,0.05,1.47,1.4218
1565,7,40,0.05,1.47,1.4218
1566,5,50,0.3,1.41,0.79543
1567,5,50,0.3,1.41,0.79543
1568,5,50,0.3,1.41,0.79543
1569,7,17,0.1,1.55,0.016052
1570,10,18,0.05,1.44,2.5313
1571,10,18,0.05,1.44,2.5313
1572,10,12,0.3,1.54,0.32134
1573,7,50,0.3,1.51,0.51417
1574,18,11,0.1,1.56,0.19476
1575,2,90,0.1,1.44,0.15834
1576,2,90,0.1,1.44,0.15834
1577,5,30,0.7,1.42,0.5365
1578,5,30,0.7,1.42,0.5365
1579,5,30,0.7,1.42,0.5365
1580,5,15,0.3,1.46,0.52896
1581,5,15,0.3,1.46,0.52896
1582,5,10,0.1,1.42,0.85689
1583,2,30,0.1,1.44,0.13223
1584,2,30,0.1,1.44,0.13223
1585,2,30,0.1,1.44,0.13223
1586,2,30,0.1,1.44,0.13223
1587,15,10,0.5,1.42,3.7735
1588,15,11,0.05,1.49,3.435
1589,15,90,0.1,1.56,0.18918
1590,18,15,0.1,1.54,2.2946
1591,2,20,0.05,1.49,0.050608
1592,18,15,0.5,1.5,3.2803
1593,18,15,0.5,1.5,3.2803
1594,15,11,0.07,1.52,2.5441
1595,15,11,0.07,1.52,2.5441
1596,15,11,0.07,1.52,2.5441
1597,5,40,0.1,1.5,0.45921
1598,7,40,0.07,1.51,0.87635
1599,7,40,0.07,1.51,0.87635
1600,15,18,0.07,1.48,3.7249
1601,15,18,0.07,1.48,3.7249
1602,18,13,1,1.52,1.8196
1603,7,17,0.3,1.51,0.49365
1604,18,20,0.1,1.5,4.1615
1605,15,15,0.5,1.49,2.6523
1606,0.2,220,0.01,1.2,0.095068
1607,0.2,220,0.01,1.2,0.095068
1608,0.2,220,0.01,1.2,0.095068
1609,10,10,0.07,1.46,2.1761
1610,7,18,0.02,1.54,0.29564
1611,7,18,0.02,1.54,0.29564
1612,0.5,100,0.05,1.39,0.1481
1613,7,12,0.02,1.38,1.8163
1614,5,12,1,1.39,0.53719
1615,5,12,1,1.39,0.53719
1616,2,15,0.02,1.38,0.24885
1617,28,17,0.05,1.53,6.3054
1618,28,17,0.05,1.53,6.3054
1619,15,18,0.3,1.53,1.6807
1620,15,18,0.3,1.53,1.6807
1621,18,10,0.7,1.55,0.38666
1622,18,10,0.7,1.55,0.38666
1623,18,10,0.7,1.55,0.38666
1624,5,11,0.3,1.41,0.76614
1625,7,140,0.03,1.52,1.7613
1626,7,20,0.7,1.5,0.37008
1627,2,110,0.05,1.43,0.28433
1628,2,11,0.07,1.42,0.15005
1629,2,11,0.07,1.42,0.15005
1630,2,11,0.07,1.42,0.15005
1631,7,10,0.05,1.53,0.37484
1632,7,10,0.05,1.53,0.37484
1633,22,20,0.3,1.51,4.59
1634,18,60,0.07,1.51,4.4096
1635,18,60,0.07,1.51,4.4096
1636,10,20,0.7,1.42,1.9023
1637,1,120,0.1,1.41,0.084209
1638,1,120,0.1,1.41,0.084209
1639,1,120,0.1,1.41,0.084209
1640,1,120,0.1,1.41,0.084209
1641,1,120,0.1,1.41,0.084209
1642,10,50,0.7,1.44,1.7303
1643,10,50,0.7,1.44,1.7303
1644,10,50,0.7,1.44,1.7303
1645,7,60,0.3,1.4,1.449
1646,22,17,0.1,1.56,0.65123
1647,22,17,0.1,1.56,0.65123
1648,15,18,0.1,1.54,1.6137
1649,5,40,0.07,1.45,0.87423
1650,5,40,0.07,1.45,0.87423
1651,5,40,0.07,1.45,0.87423
1652,5,40,0.07,1.45,0.87423
1653,7,17,0.7,1.44,0.90044
1654,5,50,0.1,1.46,0.76694
1655,5,50,0.1,1.46,0.76694
1656,5,50,0.1,1.46,0.76694
1657,5,50,0.1,1.46,0.76694
1658,1,100,0.07,1.44,0.080887
1659,1,100,0.07,1.44,0.080887
1660,1,100,0.07,1.44,0.080887
1661,10,30,0.3,1.42,2.3011
1662,10,30,0.3,1.42,2.3011
1663,2,17,0.07,1.42,0.16445
1664,2,17,0.07,1.42,0.16445
1665,2,17,0.07,1.42,0.16445
1666,7,10,0.05,1.44,1.4062
1667,5,17,0.05,1.54,0.041699
1668,5,17,0.05,1.54,0.041699
1669,20,30,0.5,1.48,4.4893
1670,20,30,0.5,1.48,4.4893
1671,2,10,0.05,1.5,0.052955
1672,2,10,0.05,1.5,0.052955
1673,2,10,0.05,1.5,0.052955
1674,2,10,0.05,1.5,0.052955
1675,22,30,0.7,1.49,4.5371
1676,22,30,0.7,1.49,4.5371
1677,7,30,0.05,1.52,0.7348
1678,7,30,0.05,1.52,0.7348
1679,7,30,0.7,1.49,0.4814
1680,7,30,0.7,1.49,0.4814
1681,7,30,0.7,1.49,0.4814
1682,7,30,0.7,1.49,0.4814
1683,5,70,0.05,1.46,0.98359
1684,2,17,0.07,1.5,0.051559
1685,2,17,0.07,1.5,0.051559
1686,2,17,0.07,1.5,0.051559
1687,20,90,0.07,1.53,4.3427
1688,20,90,0.07,1.53,4.3427
1689,20,90,0.07,1.53,4.3427
1690,2,40,0.07,1.47,0.10227
1691,5,18,0.7,1.51,0.052835
1692,7,20,0.1,1.51,0.71729
1693,5,80,0.1,1.52,0.29711
1694,5,17,0.5,1.49,0.23769
1695,5,17,0.5,1.49,0.23769
1696,18,20,0.7,1.52,2.2279
1697,18,20,0.7,1.52,2.2279
1698,5,18,0.3,1.53,0.029009
1699,5,18,0.3,1.53,0.029009
1700,5,15,0.7,1.51,0.051971
1701,5,15,0.7,1.51,0.051971
1702,5,15,0.7,1.51,0.051971
1703,5,15,0.7,1.51,0.051971
1704,10,30,0.3,1.54,0.34984
1705,10,17,1,1.53,0.16293
1706,1,9,0.03,1.29,0.11015
1707,1,9,0.03,1.29,0.11015
1708,2,140,0.1,1.38,0.26703
1709,2,11,0.02,1.28,0.3497
1710,2,200,0.05,1.39,0.39741
1711,0.2,170,0.005,1.24,0.095123
1712,0.2,170,0.005,1.24,0.095123
1713,5,10,0.02,1.4,1.0123
1714,7,17,1,1.51,0.14471
1715,7,17,1,1.51,0.14471
1716,5,30,0.7,1.32,0.87321
1717,10,40,0.1,1.5,1.7538
1718,7,20,0.7,1.51,0.25778
1719,2,100,0.03,1.34,0.53971
1720,2,100,0.03,1.34,0.53971
1721,2,40,0.05,1.47,0.12341
1722,2,40,0.05,1.47,0.12341
1723,2,40,0.05,1.47,0.12341
1724,20,9,0.5,1.54,1.7771
1725,7,5,0.03,1.37,1.7489
1726,7,5,0.03,1.37,1.7489
1727,20,17,0.03,1.56,0.69568
1728,2,11,0.3,1.41,0.10707
1729,2,11,0.3,1.41,0.10707
1730,1,10,0.07,1.39,0.093186
1731,2,120,0.1,1.47,0.10128
1732,5,10,0.5,1.42,0.61618
1733,5,10,0.5,1.42,0.61618
1734,5,10,0.5,1.42,0.61618
1735,15,11,0.1,1.56,0.033978
1736,5,18,0.5,1.51,0.10176
1737,5,9,0.3,1.4,0.80111
1738,2,15,0.07,1.44,0.12541
1739,2,15,0.07,1.44,0.12541
1740,2,15,0.07,1.44,0.12541
1741,2,15,0.07,1.44,0.12541
1742,5,11,0.05,1.48,0.57397
1743,5,20,0.03,1.51,0.42036
1744,2,100,0.05,1.47,0.18691
1745,10,9,1,1.42,1.6718
1746,10,9,1,1.42,1.6718
1747,1,17,0.05,1.4,0.088233
1748,1,17,0.05,1.4,0.088233
1749,1,17,0.05,1.4,0.088233
1750,5,12,0.05,1.47,0.65062
1751,10,15,0.7,1.51,0.74416
1752,10,15,0.7,1.51,0.74416
1753,7,70,0.05,1.46,1.6471
1754,7,70,0.05,1.46,1.6471
1755,5,11,0.7,1.49,0.16413
1756,1,50,0.1,1.41,0.08801
1757,1,50,0.1,1.41,0.08801
1758,1,50,0.1,1.41,0.08801
1759,18,100,0.07,1.55,2.1885
1760,18,100,0.07,1.55,2.1885
1761,20,60,0.05,1.55,2.865
1762,20,60,0.05,1.55,2.865
1763,20,60,0.05,1.55,2.865
1764,22,90,0.05,1.55,3.7264
1765,18,20,0.5,1.53,2.0361
1766,18,20,0.5,1.53,2.0361
1767,7,15,1,1.53,0.017327
1768,7,15,1,1.53,0.017327
1769,7,15,1,1.53,0.017327
1770,7,15,1,1.53,0.017327
1771,5,13,0.05,1.54,0.030715
1772,5,13,0.05,1.54,0.030715
1773,5,13,0.05,1.54,0.030715
1774,5,13,0.05,1.54,0.030715
1775,5,13,0.05,1.54,0.030715
1776,5,13,0.05,1.54,0.030715
1777,5,13,0.05,1.54,0.030715
1778,5,13,0.05,1.54,0.030715
1779,10,40,0.3,1.41,2.3895
1780,10,40,0.5,1.42,2.0883
1781,5,20,0.1,1.47,0.63835
1782,10,11,0.05,1.43,2.5227
1783,10,11,0.05,1.43,2.5227
1784,10,11,0.05,1.43,2.5227
1785,10,11,0.05,1.43,2.5227
1786,10,11,0.05,1.43,2.5227
1787,7,12,0.7,1.53,0.039932
1788,7,18,0.7,1.51,0.25634
1789,20,15,1,1.52,2.2889
1790,20,15,1,1.52,2.2889
1791,15,15,0.5,1.53,1.356
1792,15,15,0.5,1.53,1.356
1793,15,15,0.5,1.53,1.356
1794,10,15,0.1,1.49,1.7831
1795,10,15,0.3,1.48,1.6381
1796,10,15,0.3,1.48,1.6381
1797,10,18,1,1.51,0.54612
1798,5,20,1,1.02,1.2701
1799,5,11,0.003,1.4,1.0433
1800,5,11,0.003,1.4,1.0433
1801,2,80,0.01,1.55,0.4316
1802,1,170,0.07,1.31,0.14498
1803,1,170,0.5,1.29,0.10246
1804,1,170,0.5,1.29,0.10246
1805,1,170,0.5,1.29,0.10246
1806,1,170,0.5,1.29,0.10246
1807,1,170,0.5,1.29,0.10246
1808,1,170,0.5,1.29,0.10246
1809,1,170,0.5,1.29,0.10246
1810,1,170,0.5,1.29,0.10246
1811,1,170,0.5,1.29,0.10246
1812,28,40,0.1,1.54,5.455
1813,5,9,0.05,1.36,1.1138
1814,28,80,0.07,1.55,4.8425
1815,15,20,0.7,1.44,3.294
1816,10,90,0.1,1.54,0.78488
1817,10,90,0.1,1.54,0.78488
1818,10,90,0.1,1.54,0.78488
1819,10,90,0.1,1.54,0.78488
1820,10,90,0.1,1.54,0.78488
1821,10,90,0.1,1.54,0.78488
1822,10,90,0.1,1.54,0.78488
1823,10,90,0.1,1.54,0.78488
1824,10,90,0.1,1.54,0.78488
1825,7,90,0.05,1.45,1.7912
1826,2,60,0.7,1.4,0.065567
1827,2,60,0.7,1.4,0.065567
1828,2,60,0.7,1.4,0.065567
1829,2,60,0.7,1.4,0.065567
1830,2,60,0.7,1.4,0.065567
1831,2,60,0.7,1.4,0.065567
1832,2,60,0.7,1.4,0.065567
1833,2,60,0.7,1.4,0.065567
1834,2,60,0.7,1.4,0.065567
1835,2,60,0.7,1.4,0.065567
1836,7,12,0.03,1.51,0.76616
1837,5,10,0.3,1.42,0.72129
1838,2,15,0.3,1.41,0.10961
1839,1,50,0.07,1.42,0.083489
1840,1,50,0.07,1.42,0.083489
1841,1,50,0.07,1.42,0.083489
1842,1,50,0.05,1.45,0.082261
1843,2,10,0.1,1.46,0.072134
1844,2,17,0.5,1.42,0.065391
1845,2,17,0.5,1.42,0.065391
1846,15,15,0.05,1.51,3.0226
1847,5,100,0.3,1.41,0.80075
1848,2,90,0.07,1.47,0.13238
1849,2,90,0.07,1.47,0.13238
1850,2,90,0.07,1.47,0.13238
1851,2,60,0.05,1.45,0.19621
1852,2,60,0.05,1.45,0.19621
1853,2,18,0.1,1.49,0.051885
1854,2,18,0.1,1.49,0.051885
1855,5,15,0.05,1.49,0.52941
1856,5,110,0.1,1.54,0.066925
1857,5,110,0.1,1.54,0.066925
1858,2,10,0.5,1.46,0.058587
1859,2,10,0.5,1.46,0.058587
1860,2,10,0.5,1.46,0.058587
1861,2,10,0.5,1.46,0.058587
1862,1,60,0.05,1.47,0.083606
1863,1,60,0.05,1.47,0.083606
1864,5,11,0.7,1.48,0.22393
1865,7,110,0.05,1.52,1.0588
1866,7,110,0.05,1.52,1.0588
1867,7,110,0.05,1.52,1.0588
1868,5,90,0.3,1.42,0.75682
1869,5,90,0.3,1.42,0.75682
1870,2,12,0.5,1.43,0.057486
1871,5,30,1,1.45,0.29083
1872,20,11,0.05,1.51,4.543
1873,18,11,0.1,1.53,2.8558
1874,2,40,0.3,1.42,0.10177
1875,2,80,0.3,1.47,0.055077
1876,15,40,0.07,1.53,2.5066
1877,2,70,0.05,1.43,0.24917
1878,2,70,0.05,1.43,0.24917
1879,2,70,0.05,1.43,0.24917
1880,2,70,0.3,1.48,0.055705
1881,2,70,0.3,1.48,0.055705
1882,5,12,0.3,1.47,0.46313
1883,5,12,0.3,1.47,0.46313
1884,5,12,0.3,1.47,0.46313
1885,5,12,0.3,1.47,0.46313
1886,5,12,0.3,1.47,0.46313
1887,5,12,0.3,1.47,0.46313
1888,5,17,0.1,1.53,0.10491
1889,5,17,0.1,1.53,0.10491
1890,7,17,0.5,1.54,0.017097
1891,7,17,0.5,1.54,0.017097
1892,7,50,0.1,1.51,0.80773
1893,7,50,0.1,1.51,0.80773
1894,7,50,0.1,1.51,0.80773
1895,7,50,0.1,1.51,0.80773
1896,15,17,0.5,1.55,0.28167
1897,10,20,1,1.53,0.16533
1898,10,20,1,1.53,0.16533
1899,10,20,1,1.53,0.16533
1900,10,20,1,1.53,0.16533
1901,15,17,0.3,1.53,1.6769
0,10,30,0.5,1.55,0.011902
