1,1,9,0.7,1.34,0.0933
2,1,9,0.7,1.34,0.0933
3,1,9,0.7,1.34,0.0933
4,1,9,0.7,1.34,0.0933
5,1,9,0.7,1.34,0.0933
6,1,9,0.7,1.34,0.0933
7,1,9,0.7,1.34,0.0933
8,1,9,0.7,1.34,0.0933
9,1,9,0.7,1.34,0.0933
10,1,9,0.7,1.34,0.0933
11,1,9,0.7,1.34,0.0933
12,1,9,0.7,1.34,0.0933
13,1,9,0.7,1.34,0.0933
14,1,9,0.7,1.34,0.0933
15,1,9,0.7,1.34,0.0933
16,1,9,0.7,1.34,0.0933
17,1,9,0.7,1.34,0.0933
18,1,9,0.7,1.34,0.0933
19,1,9,0.7,1.34,0.0933
20,1,9,0.7,1.34,0.0933
21,1,9,0.7,1.34,0.0933
22,1,9,0.7,1.34,0.0933
23,1,9,0.7,1.34,0.0933
24,1,9,0.7,1.34,0.0933
25,1,10,0.7,1.18,0.11382
26,1,10,0.7,1.18,0.11382
27,1,10,0.7,1.18,0.11382
28,1,10,0.7,1.18,0.11382
29,1,10,0.7,1.18,0.11382
30,1,10,0.7,1.18,0.11382
31,1,10,0.7,1.18,0.11382
32,1,10,0.7,1.18,0.11382
33,1,10,0.7,1.18,0.11382
34,1,10,0.7,1.18,0.11382
35,1,10,0.7,1.18,0.11382
36,1,10,0.7,1.18,0.11382
37,1,10,0.7,1.18,0.11382
38,1,10,0.7,1.18,0.11382
39,1,10,0.7,1.18,0.11382
40,1,10,0.7,1.18,0.11382
41,1,10,0.7,1.18,0.11382
42,1,10,0.7,1.18,0.11382
43,1,160,0.3,1.4,0.13991
44,1,160,0.3,1.4,0.13991
45,1,160,0.3,1.4,0.13991
46,1,160,0.3,1.4,0.13991
47,1,160,0.3,1.4,0.13991
48,1,160,0.3,1.4,0.13991
49,0.2,15,0.03,1,0.23219
50,0.2,15,0.03,1,0.23219
51,0.2,15,0.03,1,0.23219
52,0.2,15,0.03,1,0.23219
53,0.2,15,0.03,1,0.23219
54,0.2,15,0.03,1,0.23219
55,0.2,15,0.03,1,0.23219
56,0.2,15,0.03,1,0.23219
57,0.2,15,0.03,1,0.23219
58,0.2,15,0.03,1,0.23219
59,0.2,15,0.03,1,0.23219
60,0.2,15,0.03,1,0.23219
61,0.2,15,0.03,1,0.23219
62,0.2,15,0.03,1,0.23219
63,0.2,15,0.03,1,0.23219
64,0.2,15,0.03,1,0.23219
65,0.2,15,0.03,1,0.23219
66,0.2,15,0.03,1,0.23219
67,0.2,15,0.03,1,0.23219
68,0.2,15,0.03,1,0.23219
69,0.2,15,0.03,1,0.23219
70,0.2,15,0.03,1,0.23219
71,2,18,0.5,1.45,0.10426
72,2,18,0.5,1.45,0.10426
73,2,18,0.5,1.45,0.10426
74,2,18,0.5,1.45,0.10426
75,2,18,0.5,1.45,0.10426
76,2,18,0.5,1.45,0.10426
77,2,18,0.5,1.45,0.10426
78,2,18,0.5,1.45,0.10426
79,2,18,0.5,1.45,0.10426
80,2,18,0.5,1.45,0.10426
81,2,18,0.5,1.45,0.10426
82,2,18,0.5,1.45,0.10426
83,2,18,0.5,1.45,0.10426
84,2,18,0.5,1.45,0.10426
85,2,18,0.5,1.45,0.10426
86,2,18,0.5,1.45,0.10426
87,2,18,0.5,1.45,0.10426
88,2,18,0.5,1.45,0.10426
89,2,18,0.5,1.45,0.10426
90,2,18,0.5,1.45,0.10426
91,2,18,0.5,1.45,0.10426
92,2,18,0.5,1.45,0.10426
93,2,18,0.5,1.45,0.10426
94,2,18,0.5,1.45,0.10426
95,2,18,0.5,1.45,0.10426
96,2,18,0.5,1.45,0.10426
97,2,18,0.5,1.45,0.10426
98,2,18,0.5,1.45,0.10426
99,2,18,0.5,1.45,0.10426
100,2,18,0.5,1.45,0.10426
101,2,18,0.5,1.45,0.10426
102,2,18,0.5,1.45,0.10426
103,2,18,0.5,1.45,0.10426
104,2,18,0.5,1.45,0.10426
105,2,18,0.5,1.45,0.10426
106,2,18,0.5,1.45,0.10426
107,2,18,0.5,1.45,0.10426
108,2,18,0.5,1.45,0.10426
109,2,18,0.5,1.45,0.10426
110,2,18,0.5,1.45,0.10426
111,2,80,1,1.24,0.25282
112,2,80,1,1.24,0.25282
113,2,80,1,1.24,0.25282
114,2,80,1,1.24,0.25282
115,2,80,1,1.24,0.25282
116,2,80,1,1.24,0.25282
117,2,80,1,1.24,0.25282
118,2,80,1,1.24,0.25282
119,2,80,1,1.24,0.25282
120,2,80,1,1.24,0.25282
121,5,18,1,1.29,1.0114
122,1,50,1,1.21,0.094324
123,1,50,1,1.21,0.094324
124,1,50,1,1.21,0.094324
125,0.5,140,0.3,1.07,0.13363
126,0.5,140,0.3,1.07,0.13363
127,0.5,140,0.3,1.07,0.13363
128,0.5,140,0.3,1.07,0.13363
129,1,110,1,1.09,0.12397
130,1,110,1,1.09,0.12397
131,2,170,1,1.05,0.37549
132,0.5,190,0.5,1.02,0.13399
133,0.5,200,0.3,1.12,0.13247
134,0.5,200,0.3,1.12,0.13247
135,0.5,200,0.3,1.12,0.13247
136,1,220,1,1.09,0.124
137,2,210,0.7,1.03,0.46069
138,0.5,210,0.7,1.11,0.1553
139,2,190,0.7,1.07,0.44024
140,2,190,0.7,1.07,0.44024
141,1,160,0.7,1.02,0.1714
142,1,160,0.7,1.02,0.1714
143,1,130,0.7,1.03,0.16888
144,1,90,0.7,1.06,0.16114
145,0.5,50,0.5,1.02,0.13418
146,0.5,50,0.5,1.02,0.13418
147,0.5,50,0.5,1.02,0.13418
148,0.5,50,0.5,1.02,0.13418
149,0.5,50,0.5,1.02,0.13418
150,0.5,50,0.5,1.02,0.13418
151,0.5,20,0.3,1.03,0.13032
152,1,15,0.5,1.05,0.17539
153,0.5,12,0.3,1.04,0.13053
154,0.5,12,0.3,1.04,0.13053
155,0.5,12,0.3,1.04,0.13053
156,0.5,12,0.3,1.04,0.13053
157,0.5,12,0.3,1.04,0.13053
158,0.5,12,0.5,1.04,0.14476
159,0.5,12,0.5,1.04,0.14476
160,0.5,15,0.5,1.01,0.1404
161,0.5,15,0.5,1.01,0.1404
162,0.5,15,0.5,1.01,0.1404
163,1,15,0.5,1.02,0.18219
164,1,15,0.5,1.02,0.18219
165,0.5,13,0.7,1.03,0.15735
166,0.5,13,0.7,1.03,0.15735
167,0.5,13,0.7,1.03,0.15735
168,0.5,15,0.5,1.02,0.1411
169,0.5,15,0.5,1.02,0.1411
170,0.5,15,0.5,1.02,0.1411
171,0.5,15,0.5,1.02,0.1411
172,0.5,17,0.5,1.03,0.14068
173,0.5,17,0.5,1.03,0.14068
174,0.5,17,0.5,1.03,0.14068
175,0.2,15,0.3,1.03,0.37721
176,0.5,17,0.3,1.02,0.13039
177,0.5,17,0.3,1.02,0.13039
178,1,18,0.3,1.02,0.22857
179,1,18,0.3,1.02,0.22857
180,1,18,0.3,1.02,0.22857
181,0.5,17,0.5,1.02,0.13997
182,0.5,17,0.7,1.02,0.15493
183,0.5,17,0.7,1.02,0.15493
184,0.5,15,0.5,1.02,0.1411
185,0.5,15,0.5,1.02,0.1411
186,0.5,15,0.7,1.02,0.15568
187,0.5,15,0.7,1.02,0.15568
188,0.5,17,0.5,1.01,0.13927
189,0.5,17,0.5,1.01,0.13927
190,0.5,17,0.5,1.01,0.13927
191,0.5,17,0.3,1.01,0.13051
192,0.5,17,0.3,1.01,0.13051
193,1,18,0.5,1.02,0.1858
194,1,20,0.3,1.02,0.23255
195,0.5,30,0.3,1.02,0.1311
196,0.5,30,0.3,1.02,0.1311
197,0.5,30,0.3,1.02,0.1311
198,0.5,30,0.3,1.02,0.1311
199,0.5,30,0.3,1.02,0.1311
200,0.5,40,0.5,1.02,0.13427
201,0.5,40,0.5,1.02,0.13427
202,0.5,40,0.5,1.02,0.13427
203,1,40,0.5,1.02,0.19827
204,0.5,30,0.7,1.01,0.15158
205,1,30,1,1.02,0.13571
206,1,20,1,1.02,0.13363
207,1,20,1,1.02,0.13363
208,0.5,18,1,1.02,0.17124
209,1,17,0.7,1.01,0.16118
210,1,17,0.7,1.01,0.16118
211,2,17,1,1.01,0.3787
212,2,17,1,1.01,0.3787
213,2,17,1,1.01,0.3787
214,2,17,1,1.01,0.3787
215,2,17,1,1.01,0.3787
216,2,17,1,1.01,0.3787
217,2,17,1,1.01,0.3787
218,2,17,1,1.01,0.3787
219,2,17,1,1.01,0.3787
220,2,17,1,1.01,0.3787
221,2,17,1,1.01,0.3787
222,2,17,1,1.01,0.3787
223,2,17,1,1.01,0.3787
224,2,17,1,1.01,0.3787
225,2,17,1,1.01,0.3787
226,2,17,1,1.01,0.3787
227,2,17,1,1.01,0.3787
228,2,17,1,1.01,0.3787
229,2,17,1,1.01,0.3787
230,2,17,1,1.01,0.3787
231,1,11,0.007,1.16,0.29223
232,1,11,0.007,1.16,0.29223
233,1,11,0.007,1.16,0.29223
234,1,11,0.007,1.16,0.29223
235,1,11,0.007,1.16,0.29223
236,1,11,0.007,1.16,0.29223
237,1,11,0.007,1.16,0.29223
238,1,11,0.007,1.16,0.29223
239,1,11,0.007,1.16,0.29223
240,1,11,0.007,1.16,0.29223
241,1,11,0.007,1.16,0.29223
242,1,11,0.007,1.16,0.29223
243,1,11,0.007,1.16,0.29223
244,2,11,0.03,1.42,0.50494
245,2,11,0.03,1.42,0.50494
246,2,11,0.03,1.42,0.50494
247,2,11,0.03,1.42,0.50494
248,2,11,0.03,1.42,0.50494
249,2,11,0.03,1.42,0.50494
250,2,11,0.03,1.42,0.50494
251,2,11,0.03,1.42,0.50494
252,2,11,0.03,1.42,0.50494
253,2,11,0.03,1.42,0.50494
254,2,11,0.03,1.42,0.50494
255,2,11,0.03,1.42,0.50494
256,2,11,0.03,1.42,0.50494
257,2,11,0.03,1.42,0.50494
258,2,11,0.03,1.42,0.50494
259,2,11,0.03,1.42,0.50494
260,2,11,0.03,1.42,0.50494
261,2,4,0.03,1.33,0.33289
262,2,4,0.03,1.33,0.33289
263,1,170,0.5,1.39,0.080264
264,1,170,0.5,1.39,0.080264
265,1,170,0.5,1.39,0.080264
266,1,170,0.5,1.39,0.080264
267,2,13,0.5,1.23,0.35721
268,2,13,0.5,1.23,0.35721
269,2,13,0.5,1.23,0.35721
270,2,13,0.5,1.23,0.35721
271,2,13,0.5,1.23,0.35721
272,2,13,0.5,1.23,0.35721
273,2,13,0.5,1.23,0.35721
274,2,13,0.5,1.23,0.35721
275,0.5,9,0.5,1.09,0.15193
276,0.5,9,0.5,1.09,0.15193
277,0.5,9,0.5,1.09,0.15193
278,0.5,9,0.5,1.09,0.15193
279,0.5,15,0.7,1.07,0.15946
280,1,5,0.5,1.31,0.089938
281,1,5,0.5,1.31,0.089938
282,1,5,0.5,1.31,0.089938
283,1,5,0.5,1.31,0.089938
284,1,5,0.5,1.31,0.089938
285,1,5,0.5,1.31,0.089938
286,1,5,0.5,1.31,0.089938
287,1,5,0.5,1.31,0.089938
288,0.2,30,0.001,1.08,0.098763
289,1,15,0.05,1.52,0.21101
290,1,20,1,1.02,0.13363
291,2,190,0.3,1.24,0.60008
292,2,190,0.3,1.24,0.60008
293,2,190,0.3,1.24,0.60008
294,2,190,0.3,1.24,0.60008
295,2,190,0.3,1.24,0.60008
296,2,190,0.3,1.24,0.60008
297,1,5,1,1.25,0.09777
298,1,5,1,1.25,0.09777
299,1,5,1,1.25,0.09777
300,1,5,1,1.25,0.09777
301,1,5,1,1.25,0.09777
302,1,5,1,1.25,0.09777
303,1,5,1,1.25,0.09777
304,1,5,1,1.25,0.09777
305,1,5,1,1.25,0.09777
306,1,5,1,1.25,0.09777
307,1,5,1,1.25,0.09777
308,1,5,1,1.25,0.09777
309,1,5,1,1.25,0.09777
310,7,5,0.7,1.28,1.7883
311,7,5,0.7,1.28,1.7883
312,7,5,0.7,1.28,1.7883
313,7,5,0.7,1.28,1.7883
314,7,5,0.7,1.28,1.7883
315,5,170,1,1.31,0.9951
316,5,170,1,1.31,0.9951
317,5,170,1,1.31,0.9951
318,5,170,1,1.31,0.9951
319,5,170,1,1.31,0.9951
320,5,170,1,1.31,0.9951
321,5,170,1,1.31,0.9951
322,5,170,1,1.31,0.9951
323,5,170,1,1.31,0.9951
324,2,130,0.7,1.2,0.35839
325,1,18,0.7,1.07,0.14848
326,1,18,0.7,1.07,0.14848
327,1,18,0.7,1.07,0.14848
328,1,18,0.7,1.07,0.14848
329,1,18,0.7,1.07,0.14848
330,1,18,0.7,1.07,0.14848
331,1,18,0.7,1.07,0.14848
332,1,18,0.7,1.07,0.14848
333,0.5,18,0.3,1.18,0.12893
334,0.5,30,0.1,1.29,0.17864
335,0.5,5,0.03,1.14,0.12682
336,0.5,5,0.03,1.14,0.12682
337,0.5,5,0.03,1.14,0.12682
338,0.5,5,0.03,1.14,0.12682
339,0.5,11,0.01,1.13,0.13233
340,1,11,0.7,1.24,0.098382
341,1,11,0.7,1.24,0.098382
342,1,11,0.7,1.24,0.098382
343,1,20,0.3,1.31,0.13975
344,1,20,0.3,1.31,0.13975
345,0.5,18,0.1,1.3,0.1259
346,0.5,18,0.1,1.3,0.1259
347,0.5,18,0.1,1.3,0.1259
348,0.5,18,0.1,1.3,0.1259
349,0.2,20,0.03,1.33,0.14836
350,0.2,20,0.03,1.33,0.14836
351,0.5,15,0.05,1.38,0.12764
352,0.5,15,0.05,1.38,0.12764
353,0.5,15,0.05,1.38,0.12764
354,0.5,15,0.05,1.38,0.12764
355,1,13,0.05,1.36,0.24131
356,1,13,0.05,1.36,0.24131
357,1,13,0.05,1.36,0.24131
358,1,13,0.05,1.36,0.24131
359,1,15,0.03,1.32,0.33399
360,1,15,0.03,1.32,0.33399
361,1,12,0.07,1.32,0.21472
362,1,12,0.07,1.32,0.21472
363,1,12,0.05,1.33,0.23083
364,0.5,11,0.07,1.37,0.11892
365,0.2,13,0.05,1.36,0.311
366,0.5,13,0.05,1.37,0.11899
367,0.2,12,0.03,1.37,0.30775
368,0.5,13,0.02,1.4,0.12767
369,0.5,11,0.01,1.42,0.1152
370,0.5,11,0.01,1.42,0.1152
371,0.5,11,0.01,1.42,0.1152
372,1,12,0.02,1.41,0.24481
373,0.5,13,0.01,1.41,0.13986
374,0.5,17,0.02,1.39,0.18558
375,0.5,15,0.03,1.39,0.1503
376,0.5,15,0.03,1.39,0.1503
377,0.5,15,0.03,1.39,0.1503
378,0.2,17,0.03,1.39,0.17822
379,0.5,15,0.05,1.38,0.12764
380,0.2,13,0.03,1.39,0.2827
381,0.2,15,0.05,1.39,0.26893
382,0.2,15,0.05,1.39,0.26893
383,0.2,13,0.03,1.39,0.2827
384,0.2,13,0.03,1.39,0.2827
385,0.5,15,0.02,1.39,0.16144
386,0.5,15,0.02,1.39,0.16144
387,0.5,15,0.03,1.38,0.15002
388,0.5,15,0.03,1.38,0.15002
389,0.5,13,0.02,1.39,0.12854
390,0.5,13,0.02,1.39,0.12854
391,0.5,13,0.02,1.39,0.12854
392,0.2,12,0.03,1.38,0.31037
393,0.2,12,0.03,1.38,0.31037
394,0.5,12,0.03,1.39,0.11772
395,0.5,12,0.03,1.39,0.11772
396,0.5,12,0.03,1.39,0.11772
397,0.5,12,0.03,1.39,0.11772
398,0.5,12,0.03,1.39,0.11772
399,0.5,12,0.03,1.39,0.11772
400,0.5,12,0.03,1.39,0.11772
401,0.5,12,0.03,1.39,0.11772
402,0.5,12,0.03,1.39,0.11772
403,0.5,12,0.03,1.39,0.11772
404,0.5,12,0.03,1.39,0.11772
405,0.5,12,0.03,1.39,0.11772
406,0.5,12,0.03,1.39,0.11772
407,0.5,12,0.03,1.39,0.11772
408,0.5,12,0.03,1.39,0.11772
409,0.5,12,0.03,1.39,0.11772
410,0.5,12,0.03,1.39,0.11772
411,0.5,12,0.03,1.39,0.11772
412,0.5,12,0.03,1.39,0.11772
413,0.5,12,0.03,1.39,0.11772
414,0.5,12,0.03,1.39,0.11772
415,0.5,12,0.03,1.39,0.11772
416,0.5,120,0.5,1.19,0.14342
417,0.5,120,0.5,1.19,0.14342
418,0.5,120,0.5,1.19,0.14342
419,0.5,120,0.5,1.19,0.14342
420,0.5,120,0.5,1.19,0.14342
421,0.5,120,0.5,1.19,0.14342
422,0.5,120,0.5,1.19,0.14342
423,0.5,120,0.5,1.19,0.14342
424,0.5,120,0.5,1.19,0.14342
425,0.5,120,0.5,1.19,0.14342
426,10,5,0.7,1.42,2.1563
427,10,5,0.7,1.42,2.1563
428,10,5,0.7,1.42,2.1563
429,1,2,0.3,1.13,0.13331
430,1,2,0.3,1.13,0.13331
431,1,2,0.3,1.13,0.13331
432,1,2,0.3,1.13,0.13331
433,1,2,0.3,1.13,0.13331
434,1,2,0.3,1.13,0.13331
435,1,2,0.3,1.13,0.13331
436,1,2,0.3,1.13,0.13331
437,1,2,0.3,1.13,0.13331
438,1,2,0.3,1.13,0.13331
439,1,2,0.3,1.13,0.13331
440,1,2,0.3,1.13,0.13331
441,7,2,0.7,1.38,1.3172
442,7,2,0.7,1.38,1.3172
443,7,2,0.7,1.38,1.3172
444,7,2,0.7,1.38,1.3172
445,7,2,0.7,1.38,1.3172
446,7,2,0.7,1.38,1.3172
447,7,2,0.7,1.38,1.3172
448,7,2,0.7,1.38,1.3172
449,7,2,0.7,1.38,1.3172
450,7,2,0.7,1.38,1.3172
451,7,2,0.7,1.38,1.3172
452,7,2,0.7,1.38,1.3172
453,7,2,0.7,1.38,1.3172
454,7,2,0.7,1.38,1.3172
455,7,2,0.7,1.38,1.3172
456,7,2,0.7,1.38,1.3172
457,7,2,0.7,1.38,1.3172
458,7,2,0.7,1.38,1.3172
459,7,2,0.7,1.38,1.3172
460,7,2,0.7,1.38,1.3172
461,7,2,0.7,1.38,1.3172
462,7,5,0.7,1.32,1.6612
463,7,9,0.3,1.39,1.8188
464,7,9,0.3,1.39,1.8188
465,7,9,0.3,1.39,1.8188
466,7,9,0.3,1.39,1.8188
467,7,9,0.3,1.39,1.8188
468,7,9,0.3,1.39,1.8188
469,7,9,0.3,1.39,1.8188
470,7,9,0.3,1.39,1.8188
471,7,9,0.3,1.39,1.8188
472,7,9,0.3,1.39,1.8188
473,7,9,0.3,1.39,1.8188
474,7,9,0.3,1.39,1.8188
475,7,9,0.3,1.39,1.8188
476,7,9,0.3,1.39,1.8188
477,7,9,0.3,1.39,1.8188
478,7,9,0.3,1.39,1.8188
479,7,9,0.3,1.39,1.8188
480,7,9,0.3,1.39,1.8188
481,7,9,0.3,1.39,1.8188
482,7,9,0.3,1.39,1.8188
483,7,9,0.3,1.39,1.8188
484,7,9,0.3,1.39,1.8188
485,7,9,0.3,1.39,1.8188
486,7,9,0.3,1.39,1.8188
487,7,9,0.3,1.39,1.8188
488,7,9,0.3,1.39,1.8188
489,7,9,0.3,1.39,1.8188
490,7,9,0.3,1.39,1.8188
491,7,9,0.3,1.39,1.8188
492,7,9,0.3,1.39,1.8188
493,7,9,0.3,1.39,1.8188
494,7,9,0.3,1.39,1.8188
495,7,9,0.3,1.39,1.8188
496,7,9,0.3,1.39,1.8188
497,7,9,0.3,1.39,1.8188
498,7,9,0.3,1.39,1.8188
499,7,9,0.3,1.39,1.8188
500,7,9,0.3,1.39,1.8188
501,7,9,0.3,1.39,1.8188
502,7,9,0.3,1.39,1.8188
503,7,9,0.3,1.39,1.8188
504,7,9,0.3,1.39,1.8188
505,7,9,0.3,1.39,1.8188
506,7,9,0.3,1.39,1.8188
507,7,9,0.05,1.52,1.3194
508,7,9,0.05,1.52,1.3194
509,7,9,0.05,1.52,1.3194
510,7,9,0.05,1.52,1.3194
511,7,9,0.05,1.52,1.3194
512,7,9,0.05,1.52,1.3194
513,7,9,0.05,1.52,1.3194
514,7,9,0.05,1.52,1.3194
515,7,9,0.05,1.52,1.3194
516,5,10,0.3,1.37,1.198
517,5,10,0.3,1.37,1.198
518,1,9,0.05,1.48,0.075022
519,1,9,0.05,1.48,0.075022
520,1,9,0.05,1.48,0.075022
521,1,9,0.05,1.48,0.075022
522,1,9,0.05,1.48,0.075022
523,1,9,0.05,1.48,0.075022
524,7,17,0.7,1.54,0.067102
525,10,15,0.5,1.48,1.9466
526,10,13,1,1.4,2.1729
527,2,9,1,1.44,0.051479
528,2,13,0.5,1.42,0.14426
529,2,13,0.5,1.42,0.14426
530,2,13,0.5,1.42,0.14426
531,2,13,0.5,1.42,0.14426
532,2,13,0.5,1.42,0.14426
533,2,13,0.5,1.42,0.14426
534,5,15,1,1.37,0.78821
535,2,18,1,1.39,0.094442
536,5,40,0.7,1.38,0.94658
537,2,30,0.7,1.41,0.12699
538,2,30,0.7,1.41,0.12699
539,5,20,0.3,1.38,1.3101
540,2,20,0.7,1.39,0.14869
541,7,30,1,1.39,1.3147
542,7,30,1,1.39,1.3147
543,2,20,1,1.43,0.052343
544,2,20,1,1.43,0.052343
545,2,20,1,1.43,0.052343
546,2,20,0.5,1.42,0.15889
547,2,20,0.5,1.42,0.15889
548,5,50,0.5,1.46,0.76829
549,2,40,0.3,1.45,0.24833
550,2,40,0.3,1.45,0.24833
551,1,50,0.3,1.48,0.073251
552,1,40,0.3,1.47,0.073006
553,1,40,0.3,1.47,0.073006
554,1,40,0.3,1.47,0.073006
555,1,40,0.3,1.47,0.073006
556,2,60,0.3,1.45,0.27215
557,5,50,0.3,1.47,1.0547
558,2,40,0.3,1.49,0.14466
559,1,40,0.3,1.48,0.075212
560,1,40,0.3,1.48,0.075212
561,1,40,0.3,1.48,0.075212
562,1,40,0.3,1.48,0.075212
563,1,40,0.3,1.48,0.075212
564,1,40,0.3,1.48,0.075212
565,1,40,0.3,1.48,0.075212
566,1,40,0.3,1.48,0.075212
567,1,40,0.3,1.48,0.075212
568,1,40,0.3,1.48,0.075212
569,1,40,0.3,1.48,0.075212
570,2,50,0.5,1.49,0.050022
571,2,50,0.5,1.49,0.050022
572,2,50,0.3,1.48,0.1862
573,5,60,0.3,1.48,1.0105
574,5,60,0.3,1.48,1.0105
575,2,60,0.3,1.48,0.19565
576,2,60,0.3,1.48,0.19565
577,2,60,0.5,1.48,0.069475
578,2,60,0.7,1.48,0.047503
579,2,60,0.7,1.48,0.047503
580,2,60,0.7,1.48,0.047503
581,2,60,0.7,1.48,0.047503
582,2,60,0.7,1.48,0.047503
583,2,60,0.7,1.48,0.047503
584,2,60,0.7,1.48,0.047503
585,2,60,0.7,1.48,0.047503
586,2,60,0.7,1.48,0.047503
587,2,60,0.7,1.48,0.047503
588,2,60,0.7,1.48,0.047503
589,2,60,0.7,1.48,0.047503
590,2,70,0.5,1.48,0.070833
591,2,70,0.5,1.48,0.070833
592,2,70,0.5,1.48,0.070833
593,5,60,0.7,1.48,0.47112
594,2,50,0.7,1.48,0.047667
595,2,50,0.7,1.48,0.047667
596,5,50,0.5,1.48,0.63746
597,2,50,0.3,1.48,0.1862
598,2,50,0.3,1.48,0.1862
599,2,60,0.5,1.48,0.069475
600,2,50,0.7,1.48,0.047667
601,2,50,0.7,1.48,0.047667
602,2,50,0.7,1.48,0.047667
603,2,50,0.7,1.48,0.047667
604,2,60,0.5,1.48,0.069475
605,2,60,0.5,1.48,0.069475
606,5,70,0.5,1.48,0.64949
607,5,70,0.5,1.48,0.64949
608,5,80,0.7,1.48,0.47554
609,5,80,0.7,1.48,0.47554
610,5,80,0.7,1.48,0.47554
611,5,80,0.7,1.48,0.47554
612,5,80,0.7,1.48,0.47554
613,5,80,0.7,1.48,0.47554
614,5,80,0.7,1.48,0.47554
615,5,80,1,1.48,0.31295
616,5,80,1,1.48,0.31295
617,5,80,1,1.48,0.31295
618,5,80,1,1.48,0.31295
619,5,70,1,1.48,0.31172
620,5,70,1,1.48,0.31172
621,5,70,1,1.48,0.31172
622,5,70,1,1.48,0.31172
623,5,70,1,1.48,0.31172
624,5,70,1,1.48,0.31172
625,5,70,1,1.48,0.31172
626,5,70,1,1.48,0.31172
627,5,70,1,1.48,0.31172
628,5,70,1,1.48,0.31172
629,5,70,1,1.48,0.31172
630,5,70,1,1.48,0.31172
631,2,70,0.7,1.48,0.047392
632,2,70,0.7,1.48,0.047392
633,2,70,0.7,1.48,0.047392
634,2,70,0.7,1.48,0.047392
635,2,70,0.7,1.48,0.047392
636,2,70,0.7,1.48,0.047392
637,2,70,0.7,1.48,0.047392
638,2,70,0.7,1.48,0.047392
639,2,70,0.7,1.48,0.047392
640,2,70,0.7,1.48,0.047392
641,2,70,0.7,1.48,0.047392
642,2,70,0.7,1.48,0.047392
643,2,70,0.7,1.48,0.047392
644,2,70,0.7,1.48,0.047392
645,2,70,0.7,1.48,0.047392
646,2,70,0.7,1.48,0.047392
647,0.2,13,0.007,1.31,0.24186
648,0.2,13,0.007,1.31,0.24186
649,0.2,13,0.007,1.31,0.24186
650,0.2,13,0.007,1.31,0.24186
651,0.2,13,0.007,1.31,0.24186
652,0.2,13,0.007,1.31,0.24186
653,0.2,13,0.007,1.31,0.24186
654,0.2,13,0.007,1.31,0.24186
655,0.2,13,0.007,1.31,0.24186
656,0.2,13,0.007,1.31,0.24186
657,0.2,13,0.007,1.31,0.24186
658,0.2,13,0.007,1.31,0.24186
659,0.2,13,0.007,1.31,0.24186
660,0.2,13,0.007,1.31,0.24186
661,0.2,13,0.007,1.31,0.24186
662,0.2,13,0.007,1.31,0.24186
663,0.2,13,0.007,1.31,0.24186
664,0.2,13,0.007,1.31,0.24186
665,0.2,13,0.007,1.31,0.24186
666,0.2,13,0.007,1.31,0.24186
667,0.2,13,0.007,1.31,0.24186
668,0.2,13,0.007,1.31,0.24186
669,0.2,13,0.007,1.31,0.24186
670,0.2,13,0.007,1.31,0.24186
671,0.2,13,0.007,1.31,0.24186
672,0.2,13,0.007,1.31,0.24186
673,0.2,13,0.007,1.31,0.24186
674,0.2,13,0.007,1.31,0.24186
675,0.2,13,0.007,1.31,0.24186
676,0.2,13,0.007,1.31,0.24186
677,0.2,13,0.007,1.31,0.24186
678,0.2,13,0.007,1.31,0.24186
679,0.2,13,0.007,1.31,0.24186
680,0.2,13,0.007,1.31,0.24186
681,0.2,13,0.007,1.31,0.24186
682,0.2,13,0.007,1.31,0.24186
683,0.2,13,0.007,1.31,0.24186
684,0.2,13,0.007,1.31,0.24186
685,0.2,13,0.007,1.31,0.24186
686,0.2,13,0.007,1.31,0.24186
687,0.2,13,0.007,1.31,0.24186
688,0.2,13,0.007,1.31,0.24186
689,0.2,13,0.007,1.31,0.24186
690,0.2,13,0.007,1.31,0.24186
691,0.2,13,0.007,1.31,0.24186
692,0.2,13,0.007,1.31,0.24186
693,0.2,13,0.007,1.31,0.24186
694,0.2,13,0.007,1.31,0.24186
695,20,40,1,1.54,1.8192
696,20,40,1,1.54,1.8192
697,20,40,1,1.54,1.8192
698,20,40,1,1.54,1.8192
699,7,2,0.7,1.27,1.7064
700,7,2,0.7,1.27,1.7064
701,7,2,0.7,1.27,1.7064
702,7,2,0.7,1.27,1.7064
703,7,2,0.7,1.27,1.7064
704,7,2,0.7,1.27,1.7064
705,7,2,0.7,1.27,1.7064
706,7,2,0.7,1.27,1.7064
707,7,2,0.7,1.27,1.7064
708,7,2,0.7,1.27,1.7064
709,7,2,0.7,1.27,1.7064
710,7,2,0.7,1.27,1.7064
711,7,2,0.7,1.27,1.7064
712,2,2,0.001,1.1,0.47408
713,2,2,0.001,1.1,0.47408
714,2,2,0.001,1.1,0.47408
715,2,4,0.1,1.21,0.41756
716,2,4,0.1,1.21,0.41756
717,2,4,0.1,1.21,0.41756
718,2,4,0.1,1.21,0.41756
719,2,4,0.1,1.21,0.41756
720,2,4,0.1,1.21,0.41756
721,2,4,0.1,1.21,0.41756
722,2,4,0.1,1.21,0.41756
723,2,4,0.1,1.21,0.41756
724,2,4,0.1,1.21,0.41756
725,2,4,0.1,1.21,0.41756
726,2,4,0.1,1.21,0.41756
727,2,4,0.1,1.21,0.41756
728,2,4,0.1,1.21,0.41756
729,2,4,0.1,1.21,0.41756
730,2,4,0.1,1.21,0.41756
731,2,4,0.1,1.21,0.41756
732,2,4,0.1,1.21,0.41756
733,2,4,0.1,1.21,0.41756
734,2,4,0.1,1.21,0.41756
735,2,4,0.1,1.21,0.41756
736,2,4,0.1,1.21,0.41756
737,2,4,0.1,1.21,0.41756
738,2,4,0.1,1.21,0.41756
739,2,4,0.1,1.21,0.41756
740,5,2,0.007,1.47,0.66866
741,2,5,0.01,1.36,0.33658
742,2,5,0.01,1.36,0.33658
743,2,5,0.01,1.36,0.33658
744,2,5,0.01,1.36,0.33658
745,2,5,0.01,1.36,0.33658
746,2,5,0.01,1.36,0.33658
747,0.2,10,0.007,1.3,0.31592
748,0.2,10,0.007,1.3,0.31592
749,0.2,10,0.007,1.3,0.31592
750,0.2,10,0.007,1.3,0.31592
751,0.2,10,0.007,1.3,0.31592
752,0.2,10,0.007,1.3,0.31592
753,0.2,10,0.007,1.3,0.31592
754,0.2,10,0.007,1.3,0.31592
755,0.2,10,0.007,1.3,0.31592
756,0.2,10,0.007,1.3,0.31592
757,0.2,10,0.007,1.3,0.31592
758,0.2,10,0.007,1.3,0.31592
759,0.2,10,0.007,1.3,0.31592
760,0.2,10,0.007,1.3,0.31592
761,0.2,10,0.007,1.3,0.31592
762,0.2,10,0.007,1.3,0.31592
763,0.2,10,0.007,1.3,0.31592
764,0.2,10,0.007,1.3,0.31592
765,0.2,10,0.007,1.3,0.31592
766,0.2,10,0.007,1.3,0.31592
767,0.2,10,0.007,1.3,0.31592
768,0.2,10,0.007,1.3,0.31592
769,0.2,10,0.007,1.3,0.31592
770,0.2,10,0.007,1.3,0.31592
771,0.2,10,0.007,1.3,0.31592
772,0.2,10,0.007,1.3,0.31592
773,0.2,10,0.007,1.3,0.31592
774,0.2,10,0.007,1.3,0.31592
775,0.2,10,0.007,1.3,0.31592
776,0.2,10,0.007,1.3,0.31592
777,0.2,10,0.007,1.3,0.31592
778,0.2,10,0.007,1.3,0.31592
779,0.2,10,0.007,1.3,0.31592
780,0.2,10,0.007,1.3,0.31592
781,0.2,10,0.007,1.3,0.31592
782,0.2,10,0.007,1.3,0.31592
783,0.2,10,0.007,1.3,0.31592
784,0.2,10,0.007,1.3,0.31592
785,0.2,10,0.007,1.3,0.31592
786,0.2,10,0.007,1.3,0.31592
787,0.2,10,0.007,1.3,0.31592
788,0.2,10,0.007,1.3,0.31592
789,0.2,10,0.007,1.3,0.31592
790,0.2,10,0.007,1.3,0.31592
791,0.2,10,0.007,1.3,0.31592
792,0.2,10,0.007,1.3,0.31592
793,0.2,10,0.007,1.3,0.31592
794,0.2,10,0.007,1.3,0.31592
795,0.2,10,0.007,1.3,0.31592
796,0.2,10,0.007,1.3,0.31592
797,0.2,10,0.007,1.3,0.31592
798,0.2,10,0.007,1.3,0.31592
799,0.2,10,0.007,1.3,0.31592
800,0.2,10,0.007,1.3,0.31592
801,0.2,10,0.007,1.3,0.31592
802,0.2,10,0.007,1.3,0.31592
803,0.2,10,0.007,1.3,0.31592
804,0.2,10,0.007,1.3,0.31592
805,0.2,10,0.007,1.3,0.31592
806,0.2,10,0.007,1.3,0.31592
807,0.2,10,0.007,1.3,0.31592
808,0.2,10,0.007,1.3,0.31592
809,0.2,10,0.007,1.3,0.31592
810,0.2,10,0.007,1.3,0.31592
811,0.2,10,0.007,1.3,0.31592
812,0.2,10,0.007,1.3,0.31592
813,0.2,10,0.007,1.3,0.31592
814,0.2,10,0.007,1.3,0.31592
815,0.2,10,0.007,1.3,0.31592
816,0.2,10,0.007,1.3,0.31592
817,0.2,10,0.007,1.3,0.31592
818,0.2,10,0.007,1.3,0.31592
819,0.2,10,0.007,1.3,0.31592
820,0.2,10,0.007,1.3,0.31592
821,0.2,10,0.007,1.3,0.31592
822,0.2,10,0.007,1.3,0.31592
823,0.2,10,0.007,1.3,0.31592
824,0.2,10,0.007,1.3,0.31592
825,0.2,10,0.007,1.3,0.31592
826,0.2,10,0.007,1.3,0.31592
827,0.2,10,0.007,1.3,0.31592
828,0.2,10,0.007,1.3,0.31592
829,0.2,10,0.007,1.3,0.31592
830,0.2,10,0.007,1.3,0.31592
831,0.2,10,0.007,1.3,0.31592
832,0.2,10,0.007,1.3,0.31592
833,0.2,10,0.007,1.3,0.31592
834,0.2,10,0.007,1.3,0.31592
835,0.2,10,0.007,1.3,0.31592
836,0.2,10,0.007,1.3,0.31592
837,0.2,10,0.007,1.3,0.31592
838,0.2,10,0.007,1.3,0.31592
839,0.2,10,0.007,1.3,0.31592
840,0.2,10,0.007,1.3,0.31592
841,0.2,10,0.007,1.3,0.31592
842,0.2,10,0.007,1.3,0.31592
843,0.2,10,0.007,1.3,0.31592
844,0.2,10,0.007,1.3,0.31592
845,0.2,10,0.007,1.3,0.31592
846,0.2,10,0.007,1.3,0.31592
847,0.2,10,0.007,1.3,0.31592
848,0.2,10,0.007,1.3,0.31592
849,0.2,10,0.007,1.3,0.31592
850,0.2,10,0.007,1.3,0.31592
851,0.2,10,0.007,1.3,0.31592
852,0.2,10,0.007,1.3,0.31592
853,0.2,10,0.007,1.3,0.31592
854,0.2,10,0.007,1.3,0.31592
855,0.2,10,0.007,1.3,0.31592
856,0.2,10,0.007,1.3,0.31592
857,0.2,10,0.007,1.3,0.31592
858,0.2,10,0.007,1.3,0.31592
859,0.2,10,0.007,1.3,0.31592
860,0.2,10,0.007,1.3,0.31592
861,0.2,10,0.007,1.3,0.31592
862,0.2,10,0.007,1.3,0.31592
863,0.2,10,0.007,1.3,0.31592
864,0.2,10,0.007,1.3,0.31592
865,0.2,10,0.007,1.3,0.31592
866,0.2,10,0.007,1.3,0.31592
867,0.2,10,0.007,1.3,0.31592
868,0.2,10,0.007,1.3,0.31592
869,0.2,10,0.007,1.3,0.31592
870,0.2,10,0.007,1.3,0.31592
871,0.2,10,0.007,1.3,0.31592
872,0.2,10,0.007,1.3,0.31592
873,0.2,10,0.007,1.3,0.31592
874,0.2,10,0.007,1.3,0.31592
875,0.2,10,0.007,1.3,0.31592
876,0.2,10,0.007,1.3,0.31592
877,0.2,10,0.007,1.3,0.31592
878,0.2,10,0.007,1.3,0.31592
879,0.2,10,0.007,1.3,0.31592
880,0.2,10,0.007,1.3,0.31592
881,0.2,10,0.007,1.3,0.31592
882,0.2,10,0.007,1.3,0.31592
883,0.2,10,0.007,1.3,0.31592
884,0.2,10,0.007,1.3,0.31592
885,0.2,10,0.007,1.3,0.31592
886,0.2,10,0.007,1.3,0.31592
887,0.2,10,0.007,1.3,0.31592
888,0.2,10,0.007,1.3,0.31592
889,0.2,10,0.007,1.3,0.31592
890,0.2,10,0.007,1.3,0.31592
891,0.2,10,0.007,1.3,0.31592
892,0.2,10,0.007,1.3,0.31592
893,0.2,10,0.007,1.3,0.31592
894,0.2,10,0.007,1.3,0.31592
895,0.2,10,0.007,1.3,0.31592
896,0.2,10,0.007,1.3,0.31592
897,0.2,10,0.007,1.3,0.31592
898,0.2,10,0.007,1.3,0.31592
899,0.2,10,0.007,1.3,0.31592
900,0.2,10,0.007,1.3,0.31592
901,0.2,10,0.007,1.3,0.31592
902,0.2,10,0.007,1.3,0.31592
903,0.2,10,0.007,1.3,0.31592
904,0.2,10,0.007,1.3,0.31592
905,0.2,10,0.007,1.3,0.31592
906,0.2,10,0.007,1.3,0.31592
907,0.2,10,0.007,1.3,0.31592
908,0.2,10,0.007,1.3,0.31592
909,0.2,10,0.007,1.3,0.31592
910,0.2,10,0.007,1.3,0.31592
911,0.2,10,0.007,1.3,0.31592
912,0.2,10,0.007,1.3,0.31592
913,0.2,10,0.007,1.3,0.31592
914,0.2,10,0.007,1.3,0.31592
915,0.2,10,0.007,1.3,0.31592
916,0.2,10,0.007,1.3,0.31592
917,0.2,10,0.007,1.3,0.31592
918,0.2,10,0.007,1.3,0.31592
919,0.2,10,0.007,1.3,0.31592
920,0.2,10,0.007,1.3,0.31592
921,0.2,10,0.007,1.3,0.31592
922,0.2,10,0.007,1.3,0.31592
923,0.2,10,0.007,1.3,0.31592
924,0.2,10,0.007,1.3,0.31592
925,0.2,10,0.007,1.3,0.31592
926,0.2,10,0.007,1.3,0.31592
927,0.2,10,0.007,1.3,0.31592
928,0.2,10,0.007,1.3,0.31592
929,0.2,10,0.007,1.3,0.31592
930,0.2,10,0.007,1.3,0.31592
931,0.2,10,0.007,1.3,0.31592
932,0.2,10,0.007,1.3,0.31592
933,0.2,10,0.007,1.3,0.31592
934,0.2,10,0.007,1.3,0.31592
935,0.2,10,0.007,1.3,0.31592
936,0.2,10,0.007,1.3,0.31592
937,0.2,10,0.007,1.3,0.31592
938,0.2,10,0.007,1.3,0.31592
939,0.2,10,0.007,1.3,0.31592
940,0.2,10,0.007,1.3,0.31592
941,0.2,10,0.007,1.3,0.31592
942,0.2,10,0.007,1.3,0.31592
943,0.2,10,0.007,1.3,0.31592
944,0.2,10,0.007,1.3,0.31592
945,0.2,10,0.007,1.3,0.31592
946,0.2,10,0.007,1.3,0.31592
947,0.2,10,0.007,1.3,0.31592
948,0.2,10,0.007,1.3,0.31592
949,0.2,10,0.007,1.3,0.31592
950,0.2,10,0.007,1.3,0.31592
951,0.2,10,0.007,1.3,0.31592
952,0.2,10,0.007,1.3,0.31592
953,0.2,10,0.007,1.3,0.31592
954,0.2,10,0.007,1.3,0.31592
955,0.2,10,0.007,1.3,0.31592
956,0.2,10,0.007,1.3,0.31592
957,0.2,10,0.007,1.3,0.31592
958,0.2,10,0.007,1.3,0.31592
959,0.2,10,0.007,1.3,0.31592
960,0.2,10,0.007,1.3,0.31592
961,0.2,10,0.007,1.3,0.31592
962,0.2,10,0.007,1.3,0.31592
963,0.2,10,0.007,1.3,0.31592
964,0.2,10,0.007,1.3,0.31592
965,0.2,10,0.007,1.3,0.31592
966,0.2,10,0.007,1.3,0.31592
967,0.2,10,0.007,1.3,0.31592
968,0.2,10,0.007,1.3,0.31592
969,0.2,10,0.007,1.3,0.31592
970,0.2,10,0.007,1.3,0.31592
971,0.2,10,0.007,1.3,0.31592
972,0.2,10,0.007,1.3,0.31592
973,0.2,10,0.007,1.3,0.31592
974,0.2,10,0.007,1.3,0.31592
975,0.2,10,0.007,1.3,0.31592
976,0.2,10,0.007,1.3,0.31592
977,0.2,10,0.007,1.3,0.31592
978,0.2,10,0.007,1.3,0.31592
979,0.2,10,0.007,1.3,0.31592
980,0.2,10,0.007,1.3,0.31592
981,0.2,10,0.007,1.3,0.31592
982,0.2,10,0.007,1.3,0.31592
983,0.2,10,0.007,1.3,0.31592
984,0.2,10,0.007,1.3,0.31592
985,0.2,10,0.007,1.3,0.31592
986,0.2,10,0.007,1.3,0.31592
987,0.2,10,0.007,1.3,0.31592
988,0.2,10,0.007,1.3,0.31592
989,0.2,10,0.007,1.3,0.31592
990,0.2,10,0.007,1.3,0.31592
991,0.2,10,0.007,1.3,0.31592
992,0.2,10,0.007,1.3,0.31592
993,0.2,10,0.007,1.3,0.31592
994,0.2,10,0.007,1.3,0.31592
995,0.2,10,0.007,1.3,0.31592
996,0.2,10,0.007,1.3,0.31592
997,0.2,10,0.007,1.3,0.31592
998,0.2,10,0.007,1.3,0.31592
999,0.2,10,0.007,1.3,0.31592
1000,0.2,10,0.007,1.3,0.31592
1001,0.2,10,0.007,1.3,0.31592
1002,0.2,10,0.007,1.3,0.31592
1003,0.2,10,0.007,1.3,0.31592
1004,0.2,10,0.007,1.3,0.31592
1005,0.2,10,0.007,1.3,0.31592
1006,0.2,10,0.007,1.3,0.31592
1007,0.2,10,0.007,1.3,0.31592
1008,0.2,10,0.007,1.3,0.31592
1009,0.2,10,0.007,1.3,0.31592
1010,0.2,10,0.007,1.3,0.31592
1011,0.2,10,0.007,1.3,0.31592
1012,0.2,10,0.007,1.3,0.31592
1013,0.2,10,0.007,1.3,0.31592
1014,0.2,10,0.007,1.3,0.31592
1015,0.2,10,0.007,1.3,0.31592
1016,0.2,10,0.007,1.3,0.31592
1017,0.2,10,0.007,1.3,0.31592
1018,0.2,10,0.007,1.3,0.31592
1019,0.2,10,0.007,1.3,0.31592
1020,0.2,10,0.007,1.3,0.31592
1021,0.2,10,0.007,1.3,0.31592
1022,0.2,10,0.007,1.3,0.31592
1023,0.2,10,0.007,1.3,0.31592
1024,0.2,10,0.007,1.3,0.31592
1025,0.2,10,0.007,1.3,0.31592
1026,0.2,10,0.007,1.3,0.31592
1027,0.2,10,0.007,1.3,0.31592
1028,0.2,10,0.007,1.3,0.31592
1029,0.2,10,0.007,1.3,0.31592
1030,0.2,10,0.007,1.3,0.31592
1031,0.2,10,0.007,1.3,0.31592
1032,0.2,10,0.007,1.3,0.31592
1033,0.2,10,0.007,1.3,0.31592
1034,0.2,10,0.007,1.3,0.31592
1035,0.2,10,0.007,1.3,0.31592
1036,0.2,10,0.007,1.3,0.31592
1037,0.2,10,0.007,1.3,0.31592
1038,0.2,10,0.007,1.3,0.31592
1039,0.2,10,0.007,1.3,0.31592
1040,0.2,10,0.007,1.3,0.31592
1041,0.2,10,0.007,1.3,0.31592
1042,0.2,10,0.007,1.3,0.31592
1043,0.2,10,0.007,1.3,0.31592
1044,0.2,10,0.007,1.3,0.31592
1045,0.2,10,0.007,1.3,0.31592
1046,0.2,10,0.007,1.3,0.31592
1047,0.2,10,0.007,1.3,0.31592
1048,0.2,10,0.007,1.3,0.31592
1049,0.2,10,0.007,1.3,0.31592
1050,0.2,10,0.007,1.3,0.31592
1051,0.2,10,0.007,1.3,0.31592
1052,0.2,10,0.007,1.3,0.31592
1053,0.2,10,0.007,1.3,0.31592
1054,0.2,10,0.007,1.3,0.31592
1055,0.2,10,0.007,1.3,0.31592
1056,0.2,10,0.007,1.3,0.31592
1057,0.2,10,0.007,1.3,0.31592
1058,0.2,10,0.007,1.3,0.31592
1059,0.2,10,0.007,1.3,0.31592
1060,0.2,10,0.007,1.3,0.31592
1061,0.2,10,0.007,1.3,0.31592
1062,0.2,10,0.007,1.3,0.31592
1063,0.2,10,0.007,1.3,0.31592
1064,0.2,10,0.007,1.3,0.31592
1065,0.2,10,0.007,1.3,0.31592
1066,0.2,10,0.007,1.3,0.31592
1067,0.2,10,0.007,1.3,0.31592
1068,0.2,10,0.007,1.3,0.31592
1069,0.2,10,0.007,1.3,0.31592
1070,0.2,10,0.007,1.3,0.31592
1071,0.2,10,0.007,1.3,0.31592
1072,0.2,10,0.007,1.3,0.31592
1073,0.2,10,0.007,1.3,0.31592
1074,0.2,10,0.007,1.3,0.31592
1075,0.2,10,0.007,1.3,0.31592
1076,0.2,10,0.007,1.3,0.31592
1077,0.2,10,0.007,1.3,0.31592
1078,0.2,10,0.007,1.3,0.31592
1079,0.2,10,0.007,1.3,0.31592
1080,0.2,10,0.007,1.3,0.31592
1081,0.2,10,0.007,1.3,0.31592
1082,0.2,10,0.007,1.3,0.31592
1083,0.2,10,0.007,1.3,0.31592
1084,0.2,10,0.007,1.3,0.31592
1085,0.2,10,0.007,1.3,0.31592
1086,0.2,10,0.007,1.3,0.31592
1087,0.2,10,0.007,1.3,0.31592
1088,0.2,10,0.007,1.3,0.31592
1089,0.2,10,0.007,1.3,0.31592
1090,0.2,10,0.007,1.3,0.31592
1091,0.2,10,0.007,1.3,0.31592
1092,0.2,10,0.007,1.3,0.31592
1093,0.2,10,0.007,1.3,0.31592
1094,0.2,10,0.007,1.3,0.31592
1095,0.2,10,0.007,1.3,0.31592
1096,0.2,10,0.007,1.3,0.31592
1097,0.2,10,0.007,1.3,0.31592
1098,0.2,10,0.007,1.3,0.31592
1099,0.2,10,0.007,1.3,0.31592
1100,0.2,10,0.007,1.3,0.31592
1101,0.2,10,0.007,1.3,0.31592
1102,0.2,10,0.007,1.3,0.31592
1103,0.2,10,0.007,1.3,0.31592
1104,0.2,10,0.007,1.3,0.31592
1105,0.2,10,0.007,1.3,0.31592
1106,0.2,10,0.007,1.3,0.31592
1107,0.2,10,0.007,1.3,0.31592
1108,0.2,10,0.007,1.3,0.31592
1109,0.2,10,0.007,1.3,0.31592
1110,0.2,10,0.007,1.3,0.31592
1111,0.2,10,0.007,1.3,0.31592
1112,0.2,10,0.007,1.3,0.31592
1113,0.2,10,0.007,1.3,0.31592
1114,0.2,10,0.007,1.3,0.31592
1115,0.2,10,0.007,1.3,0.31592
1116,0.2,10,0.007,1.3,0.31592
1117,0.2,10,0.007,1.3,0.31592
1118,0.2,10,0.007,1.3,0.31592
1119,0.2,10,0.007,1.3,0.31592
1120,0.2,10,0.007,1.3,0.31592
1121,0.2,10,0.007,1.3,0.31592
1122,0.2,10,0.007,1.3,0.31592
1123,0.2,10,0.007,1.3,0.31592
1124,0.2,10,0.007,1.3,0.31592
1125,0.2,10,0.007,1.3,0.31592
1126,0.2,10,0.007,1.3,0.31592
1127,0.2,10,0.007,1.3,0.31592
1128,0.2,10,0.007,1.3,0.31592
1129,0.2,10,0.007,1.3,0.31592
1130,0.2,10,0.007,1.3,0.31592
1131,0.2,10,0.007,1.3,0.31592
1132,0.2,10,0.007,1.3,0.31592
1133,0.2,10,0.007,1.3,0.31592
1134,0.2,10,0.007,1.3,0.31592
1135,0.2,10,0.007,1.3,0.31592
1136,0.2,10,0.007,1.3,0.31592
1137,0.2,10,0.007,1.3,0.31592
1138,0.2,10,0.007,1.3,0.31592
1139,0.2,10,0.007,1.3,0.31592
1140,0.2,10,0.007,1.3,0.31592
1141,0.2,10,0.007,1.3,0.31592
1142,0.2,10,0.007,1.3,0.31592
1143,0.2,10,0.007,1.3,0.31592
1144,0.2,10,0.007,1.3,0.31592
1145,0.2,10,0.007,1.3,0.31592
1146,0.2,10,0.007,1.3,0.31592
1147,0.2,10,0.007,1.3,0.31592
1148,0.2,10,0.007,1.3,0.31592
1149,0.2,10,0.007,1.3,0.31592
1150,0.2,10,0.007,1.3,0.31592
1151,0.2,10,0.007,1.3,0.31592
1152,0.2,10,0.007,1.3,0.31592
1153,0.2,10,0.007,1.3,0.31592
1154,0.2,10,0.007,1.3,0.31592
1155,0.2,10,0.007,1.3,0.31592
1156,0.2,10,0.007,1.3,0.31592
1157,0.2,10,0.007,1.3,0.31592
1158,0.2,10,0.007,1.3,0.31592
1159,0.2,10,0.007,1.3,0.31592
1160,0.2,10,0.007,1.3,0.31592
1161,0.2,10,0.007,1.3,0.31592
1162,0.2,10,0.007,1.3,0.31592
1163,0.2,10,0.007,1.3,0.31592
1164,0.2,10,0.007,1.3,0.31592
1165,0.2,10,0.007,1.3,0.31592
1166,0.2,10,0.007,1.3,0.31592
1167,0.2,10,0.007,1.3,0.31592
1168,0.2,10,0.007,1.3,0.31592
1169,0.2,10,0.007,1.3,0.31592
1170,0.2,10,0.007,1.3,0.31592
1171,0.2,10,0.007,1.3,0.31592
1172,0.2,10,0.007,1.3,0.31592
1173,0.2,10,0.007,1.3,0.31592
1174,0.2,10,0.007,1.3,0.31592
1175,0.2,10,0.007,1.3,0.31592
1176,0.2,10,0.007,1.3,0.31592
1177,0.2,10,0.007,1.3,0.31592
1178,0.2,10,0.007,1.3,0.31592
1179,0.2,10,0.007,1.3,0.31592
1180,0.2,10,0.007,1.3,0.31592
1181,0.2,10,0.007,1.3,0.31592
1182,0.2,10,0.007,1.3,0.31592
1183,0.2,10,0.007,1.3,0.31592
1184,0.2,10,0.007,1.3,0.31592
1185,0.2,10,0.007,1.3,0.31592
1186,0.2,10,0.007,1.3,0.31592
1187,0.2,10,0.007,1.3,0.31592
1188,0.2,10,0.007,1.3,0.31592
1189,0.2,10,0.007,1.3,0.31592
1190,0.2,10,0.007,1.3,0.31592
1191,0.2,10,0.007,1.3,0.31592
1192,0.2,10,0.007,1.3,0.31592
1193,0.2,10,0.007,1.3,0.31592
1194,0.2,10,0.007,1.3,0.31592
1195,0.2,10,0.007,1.3,0.31592
1196,0.2,10,0.007,1.3,0.31592
1197,0.2,10,0.007,1.3,0.31592
1198,0.2,10,0.007,1.3,0.31592
1199,0.2,10,0.007,1.3,0.31592
1200,0.2,10,0.007,1.3,0.31592
1201,0.2,10,0.007,1.3,0.31592
1202,0.2,10,0.007,1.3,0.31592
1203,0.2,10,0.007,1.3,0.31592
1204,0.2,10,0.007,1.3,0.31592
1205,0.2,10,0.007,1.3,0.31592
1206,0.2,10,0.007,1.3,0.31592
1207,0.2,10,0.007,1.3,0.31592
1208,0.2,10,0.007,1.3,0.31592
1209,0.2,10,0.007,1.3,0.31592
1210,0.2,10,0.007,1.3,0.31592
1211,0.2,10,0.007,1.3,0.31592
1212,0.2,10,0.007,1.3,0.31592
1213,0.2,10,0.007,1.3,0.31592
1214,0.2,10,0.007,1.3,0.31592
1215,0.2,10,0.007,1.3,0.31592
1216,0.2,10,0.007,1.3,0.31592
1217,0.2,10,0.007,1.3,0.31592
1218,0.2,10,0.007,1.3,0.31592
1219,0.2,10,0.007,1.3,0.31592
1220,0.2,10,0.007,1.3,0.31592
1221,0.2,10,0.007,1.3,0.31592
1222,0.2,10,0.007,1.3,0.31592
1223,0.2,10,0.007,1.3,0.31592
1224,0.2,10,0.007,1.3,0.31592
1225,0.2,10,0.007,1.3,0.31592
1226,0.2,10,0.007,1.3,0.31592
1227,0.2,10,0.007,1.3,0.31592
1228,0.2,10,0.007,1.3,0.31592
1229,0.2,10,0.007,1.3,0.31592
1230,0.2,10,0.007,1.3,0.31592
1231,0.2,10,0.007,1.3,0.31592
1232,0.2,10,0.007,1.3,0.31592
1233,0.2,10,0.007,1.3,0.31592
1234,0.2,10,0.007,1.3,0.31592
1235,0.2,10,0.007,1.3,0.31592
1236,0.2,10,0.007,1.3,0.31592
1237,0.2,10,0.007,1.3,0.31592
1238,0.2,10,0.007,1.3,0.31592
1239,0.2,10,0.007,1.3,0.31592
1240,0.2,10,0.007,1.3,0.31592
1241,0.2,10,0.007,1.3,0.31592
1242,0.2,10,0.007,1.3,0.31592
1243,0.2,10,0.007,1.3,0.31592
1244,0.2,10,0.007,1.3,0.31592
1245,0.2,10,0.007,1.3,0.31592
1246,0.2,10,0.007,1.3,0.31592
1247,0.2,10,0.007,1.3,0.31592
1248,0.2,10,0.007,1.3,0.31592
1249,0.2,10,0.007,1.3,0.31592
1250,0.2,10,0.007,1.3,0.31592
1251,0.2,10,0.007,1.3,0.31592
1252,0.2,10,0.007,1.3,0.31592
1253,0.2,10,0.007,1.3,0.31592
1254,0.2,10,0.007,1.3,0.31592
1255,0.2,10,0.007,1.3,0.31592
1256,0.2,10,0.007,1.3,0.31592
1257,0.2,10,0.007,1.3,0.31592
1258,0.2,10,0.007,1.3,0.31592
1259,0.2,10,0.007,1.3,0.31592
1260,0.2,10,0.007,1.3,0.31592
1261,0.2,10,0.007,1.3,0.31592
1262,0.2,10,0.007,1.3,0.31592
1263,0.2,10,0.007,1.3,0.31592
1264,0.2,10,0.007,1.3,0.31592
1265,0.2,10,0.007,1.3,0.31592
1266,0.2,10,0.007,1.3,0.31592
1267,0.2,10,0.007,1.3,0.31592
1268,0.2,10,0.007,1.3,0.31592
1269,0.2,10,0.007,1.3,0.31592
1270,0.2,10,0.007,1.3,0.31592
1271,0.2,10,0.007,1.3,0.31592
1272,0.2,10,0.007,1.3,0.31592
1273,0.2,10,0.007,1.3,0.31592
1274,0.2,10,0.007,1.3,0.31592
1275,0.2,10,0.007,1.3,0.31592
1276,0.2,10,0.007,1.3,0.31592
1277,0.2,10,0.007,1.3,0.31592
1278,0.2,10,0.007,1.3,0.31592
1279,0.2,10,0.007,1.3,0.31592
1280,0.2,10,0.007,1.3,0.31592
1281,0.2,10,0.007,1.3,0.31592
1282,0.2,10,0.007,1.3,0.31592
1283,0.2,10,0.007,1.3,0.31592
1284,0.2,10,0.007,1.3,0.31592
1285,0.2,10,0.007,1.3,0.31592
1286,0.2,10,0.007,1.3,0.31592
1287,0.2,10,0.007,1.3,0.31592
1288,0.2,10,0.007,1.3,0.31592
1289,0.2,10,0.007,1.3,0.31592
1290,0.2,10,0.007,1.3,0.31592
1291,0.2,10,0.007,1.3,0.31592
1292,0.2,10,0.007,1.3,0.31592
1293,0.2,10,0.007,1.3,0.31592
1294,0.2,10,0.007,1.3,0.31592
1295,0.2,10,0.007,1.3,0.31592
1296,0.2,10,0.007,1.3,0.31592
1297,0.2,10,0.007,1.3,0.31592
1298,0.2,10,0.007,1.3,0.31592
1299,0.2,10,0.007,1.3,0.31592
1300,0.2,10,0.007,1.3,0.31592
1301,0.2,10,0.007,1.3,0.31592
1302,0.2,10,0.007,1.3,0.31592
1303,0.2,10,0.007,1.3,0.31592
1304,0.2,10,0.007,1.3,0.31592
1305,0.2,10,0.007,1.3,0.31592
1306,0.2,10,0.007,1.3,0.31592
1307,0.2,10,0.007,1.3,0.31592
1308,0.2,10,0.007,1.3,0.31592
1309,0.2,10,0.007,1.3,0.31592
1310,0.2,10,0.007,1.3,0.31592
1311,0.2,10,0.007,1.3,0.31592
1312,0.2,10,0.007,1.3,0.31592
1313,0.2,10,0.007,1.3,0.31592
1314,0.2,10,0.007,1.3,0.31592
1315,0.2,10,0.007,1.3,0.31592
1316,0.2,10,0.007,1.3,0.31592
1317,0.2,10,0.007,1.3,0.31592
1318,0.2,10,0.007,1.3,0.31592
1319,0.2,10,0.007,1.3,0.31592
1320,0.2,10,0.007,1.3,0.31592
1321,0.2,10,0.007,1.3,0.31592
1322,0.2,10,0.007,1.3,0.31592
1323,0.2,10,0.007,1.3,0.31592
1324,0.2,10,0.007,1.3,0.31592
1325,0.2,10,0.007,1.3,0.31592
1326,0.2,10,0.007,1.3,0.31592
1327,0.2,10,0.007,1.3,0.31592
1328,0.2,10,0.007,1.3,0.31592
1329,0.2,10,0.007,1.3,0.31592
1330,0.2,10,0.007,1.3,0.31592
1331,0.2,10,0.007,1.3,0.31592
1332,0.2,10,0.007,1.3,0.31592
1333,0.2,10,0.007,1.3,0.31592
1334,0.2,10,0.007,1.3,0.31592
1335,0.2,10,0.007,1.3,0.31592
1336,0.2,10,0.007,1.3,0.31592
1337,0.2,10,0.007,1.3,0.31592
1338,0.2,10,0.007,1.3,0.31592
1339,0.2,10,0.007,1.3,0.31592
1340,0.2,10,0.007,1.3,0.31592
1341,0.2,10,0.007,1.3,0.31592
1342,0.2,10,0.007,1.3,0.31592
1343,0.2,10,0.007,1.3,0.31592
1344,0.2,10,0.007,1.3,0.31592
1345,0.2,10,0.007,1.3,0.31592
1346,0.2,10,0.007,1.3,0.31592
1347,0.2,10,0.007,1.3,0.31592
1348,0.2,10,0.007,1.3,0.31592
1349,0.2,10,0.007,1.3,0.31592
1350,0.2,10,0.007,1.3,0.31592
1351,0.2,10,0.007,1.3,0.31592
1352,0.2,10,0.007,1.3,0.31592
1353,0.2,10,0.007,1.3,0.31592
1354,0.2,10,0.007,1.3,0.31592
1355,0.2,10,0.007,1.3,0.31592
1356,0.2,10,0.007,1.3,0.31592
1357,0.2,10,0.007,1.3,0.31592
1358,0.2,10,0.007,1.3,0.31592
1359,0.2,10,0.007,1.3,0.31592
1360,0.2,10,0.007,1.3,0.31592
1361,0.2,10,0.007,1.3,0.31592
1362,0.2,10,0.007,1.3,0.31592
1363,0.2,10,0.007,1.3,0.31592
1364,0.2,10,0.007,1.3,0.31592
1365,0.2,10,0.007,1.3,0.31592
1366,0.2,10,0.007,1.3,0.31592
1367,0.2,10,0.007,1.3,0.31592
1368,0.2,10,0.007,1.3,0.31592
1369,0.2,10,0.007,1.3,0.31592
1370,0.2,10,0.007,1.3,0.31592
1371,0.2,10,0.007,1.3,0.31592
1372,0.2,10,0.007,1.3,0.31592
1373,0.2,10,0.007,1.3,0.31592
1374,0.2,10,0.007,1.3,0.31592
1375,0.2,10,0.007,1.3,0.31592
1376,0.2,10,0.007,1.3,0.31592
1377,0.2,10,0.007,1.3,0.31592
1378,0.2,10,0.007,1.3,0.31592
1379,0.2,10,0.007,1.3,0.31592
1380,0.2,10,0.007,1.3,0.31592
1381,0.2,10,0.007,1.3,0.31592
1382,0.2,10,0.007,1.3,0.31592
1383,0.2,10,0.007,1.3,0.31592
1384,0.2,10,0.007,1.3,0.31592
1385,0.2,10,0.007,1.3,0.31592
1386,0.2,10,0.007,1.3,0.31592
1387,0.2,10,0.007,1.3,0.31592
1388,0.2,10,0.007,1.3,0.31592
1389,0.2,10,0.007,1.3,0.31592
1390,0.2,10,0.007,1.3,0.31592
1391,0.2,10,0.007,1.3,0.31592
1392,0.2,10,0.007,1.3,0.31592
1393,0.2,10,0.007,1.3,0.31592
1394,0.2,10,0.007,1.3,0.31592
1395,0.2,10,0.007,1.3,0.31592
1396,0.2,10,0.007,1.3,0.31592
1397,0.2,10,0.007,1.3,0.31592
1398,0.2,10,0.007,1.3,0.31592
1399,0.2,10,0.007,1.3,0.31592
1400,0.2,10,0.007,1.3,0.31592
1401,0.2,10,0.007,1.3,0.31592
1402,0.2,10,0.007,1.3,0.31592
1403,0.2,10,0.007,1.3,0.31592
1404,0.2,10,0.007,1.3,0.31592
1405,0.2,10,0.007,1.3,0.31592
1406,0.2,10,0.007,1.3,0.31592
1407,0.2,10,0.007,1.3,0.31592
1408,0.2,10,0.007,1.3,0.31592
1409,0.2,10,0.007,1.3,0.31592
1410,0.2,10,0.007,1.3,0.31592
1411,0.2,10,0.007,1.3,0.31592
1412,0.2,10,0.007,1.3,0.31592
1413,0.2,10,0.007,1.3,0.31592
1414,0.2,10,0.007,1.3,0.31592
1415,0.2,10,0.007,1.3,0.31592
1416,0.2,10,0.007,1.3,0.31592
1417,0.2,10,0.007,1.3,0.31592
1418,0.2,10,0.007,1.3,0.31592
1419,0.2,10,0.007,1.3,0.31592
1420,0.2,10,0.007,1.3,0.31592
1421,0.2,10,0.007,1.3,0.31592
1422,0.2,10,0.007,1.3,0.31592
1423,0.2,10,0.007,1.3,0.31592
1424,0.2,10,0.007,1.3,0.31592
1425,0.2,10,0.007,1.3,0.31592
1426,0.2,10,0.007,1.3,0.31592
1427,0.2,10,0.007,1.3,0.31592
1428,0.2,10,0.007,1.3,0.31592
1429,0.2,10,0.007,1.3,0.31592
1430,0.2,10,0.007,1.3,0.31592
1431,0.2,10,0.007,1.3,0.31592
1432,0.2,10,0.007,1.3,0.31592
1433,0.2,10,0.007,1.3,0.31592
1434,0.2,10,0.007,1.3,0.31592
1435,0.2,10,0.007,1.3,0.31592
1436,0.2,10,0.007,1.3,0.31592
1437,0.2,10,0.007,1.3,0.31592
1438,0.2,10,0.007,1.3,0.31592
1439,0.2,10,0.007,1.3,0.31592
1440,0.2,10,0.007,1.3,0.31592
1441,0.2,10,0.007,1.3,0.31592
1442,0.2,10,0.007,1.3,0.31592
1443,0.2,10,0.007,1.3,0.31592
1444,0.2,10,0.007,1.3,0.31592
1445,0.2,10,0.007,1.3,0.31592
1446,0.2,10,0.007,1.3,0.31592
1447,0.2,10,0.007,1.3,0.31592
1448,0.2,10,0.007,1.3,0.31592
1449,0.2,10,0.007,1.3,0.31592
1450,0.2,10,0.007,1.3,0.31592
1451,0.2,10,0.007,1.3,0.31592
1452,0.2,10,0.007,1.3,0.31592
1453,0.2,10,0.007,1.3,0.31592
1454,0.2,10,0.007,1.3,0.31592
1455,0.2,10,0.007,1.3,0.31592
1456,0.2,10,0.007,1.3,0.31592
1457,0.2,10,0.007,1.3,0.31592
1458,0.2,10,0.007,1.3,0.31592
1459,0.2,10,0.007,1.3,0.31592
1460,0.2,10,0.007,1.3,0.31592
1461,0.2,10,0.007,1.3,0.31592
1462,0.2,10,0.007,1.3,0.31592
1463,0.2,10,0.007,1.3,0.31592
1464,0.2,10,0.007,1.3,0.31592
1465,0.2,10,0.007,1.3,0.31592
1466,0.2,10,0.007,1.3,0.31592
1467,0.2,10,0.007,1.3,0.31592
1468,0.2,10,0.007,1.3,0.31592
1469,0.2,10,0.007,1.3,0.31592
1470,0.2,10,0.007,1.3,0.31592
1471,0.2,10,0.007,1.3,0.31592
1472,0.2,10,0.007,1.3,0.31592
1473,0.2,10,0.007,1.3,0.31592
1474,0.2,10,0.007,1.3,0.31592
1475,0.2,10,0.007,1.3,0.31592
1476,0.2,10,0.007,1.3,0.31592
1477,0.2,10,0.007,1.3,0.31592
1478,0.2,10,0.007,1.3,0.31592
1479,0.2,10,0.007,1.3,0.31592
1480,0.2,10,0.007,1.3,0.31592
1481,0.2,10,0.007,1.3,0.31592
1482,0.2,10,0.007,1.3,0.31592
1483,0.2,10,0.007,1.3,0.31592
1484,0.2,10,0.007,1.3,0.31592
1485,0.2,10,0.007,1.3,0.31592
1486,0.2,10,0.007,1.3,0.31592
1487,0.2,10,0.007,1.3,0.31592
1488,0.2,10,0.007,1.3,0.31592
1489,0.2,10,0.007,1.3,0.31592
1490,0.2,10,0.007,1.3,0.31592
1491,0.2,10,0.007,1.3,0.31592
1492,0.2,10,0.007,1.3,0.31592
1493,0.2,10,0.007,1.3,0.31592
1494,0.2,10,0.007,1.3,0.31592
1495,0.2,10,0.007,1.3,0.31592
1496,0.2,10,0.007,1.3,0.31592
1497,0.2,10,0.007,1.3,0.31592
1498,0.2,10,0.007,1.3,0.31592
1499,0.2,10,0.007,1.3,0.31592
1500,0.2,10,0.007,1.3,0.31592
1501,0.2,10,0.007,1.3,0.31592
1502,0.2,10,0.007,1.3,0.31592
1503,0.2,10,0.007,1.3,0.31592
1504,0.2,10,0.007,1.3,0.31592
1505,0.2,10,0.007,1.3,0.31592
1506,0.2,10,0.007,1.3,0.31592
1507,0.2,10,0.007,1.3,0.31592
1508,0.2,10,0.007,1.3,0.31592
1509,0.2,10,0.007,1.3,0.31592
1510,0.2,10,0.007,1.3,0.31592
1511,0.2,10,0.007,1.3,0.31592
1512,0.2,10,0.007,1.3,0.31592
1513,0.2,10,0.007,1.3,0.31592
1514,0.2,10,0.007,1.3,0.31592
1515,0.2,10,0.007,1.3,0.31592
1516,0.2,10,0.007,1.3,0.31592
1517,0.2,10,0.007,1.3,0.31592
1518,0.2,10,0.007,1.3,0.31592
1519,0.2,10,0.007,1.3,0.31592
1520,0.2,10,0.007,1.3,0.31592
1521,0.2,10,0.007,1.3,0.31592
1522,0.2,10,0.007,1.3,0.31592
1523,0.2,10,0.007,1.3,0.31592
1524,0.2,10,0.007,1.3,0.31592
1525,0.2,10,0.007,1.3,0.31592
1526,0.2,10,0.007,1.3,0.31592
1527,0.2,10,0.007,1.3,0.31592
1528,0.2,10,0.007,1.3,0.31592
1529,0.2,10,0.007,1.3,0.31592
1530,0.2,10,0.007,1.3,0.31592
1531,0.2,10,0.007,1.3,0.31592
1532,0.2,10,0.007,1.3,0.31592
1533,0.2,10,0.007,1.3,0.31592
1534,0.2,10,0.007,1.3,0.31592
1535,0.2,10,0.007,1.3,0.31592
1536,0.2,10,0.007,1.3,0.31592
1537,0.2,10,0.007,1.3,0.31592
1538,0.2,10,0.007,1.3,0.31592
1539,0.2,10,0.007,1.3,0.31592
1540,0.2,10,0.007,1.3,0.31592
1541,0.2,10,0.007,1.3,0.31592
1542,0.2,10,0.007,1.3,0.31592
1543,0.2,10,0.007,1.3,0.31592
1544,0.2,10,0.007,1.3,0.31592
1545,0.2,10,0.007,1.3,0.31592
1546,0.2,10,0.007,1.3,0.31592
1547,0.2,10,0.007,1.3,0.31592
1548,0.2,10,0.007,1.3,0.31592
1549,0.2,10,0.007,1.3,0.31592
1550,0.2,10,0.007,1.3,0.31592
1551,0.2,10,0.007,1.3,0.31592
1552,0.2,10,0.007,1.3,0.31592
1553,0.2,10,0.007,1.3,0.31592
1554,0.2,10,0.007,1.3,0.31592
1555,0.2,10,0.007,1.3,0.31592
1556,0.2,10,0.007,1.3,0.31592
1557,0.2,10,0.007,1.3,0.31592
1558,0.2,10,0.007,1.3,0.31592
1559,0.2,10,0.007,1.3,0.31592
1560,0.2,10,0.007,1.3,0.31592
1561,0.2,10,0.007,1.3,0.31592
1562,0.2,10,0.007,1.3,0.31592
1563,0.2,10,0.007,1.3,0.31592
1564,0.2,10,0.007,1.3,0.31592
1565,0.2,10,0.007,1.3,0.31592
1566,0.2,10,0.007,1.3,0.31592
1567,0.2,10,0.007,1.3,0.31592
1568,0.2,10,0.007,1.3,0.31592
1569,0.2,10,0.007,1.3,0.31592
1570,0.2,10,0.007,1.3,0.31592
1571,0.2,10,0.007,1.3,0.31592
1572,0.2,10,0.007,1.3,0.31592
1573,0.2,10,0.007,1.3,0.31592
1574,0.2,10,0.007,1.3,0.31592
1575,0.2,10,0.007,1.3,0.31592
1576,0.2,10,0.007,1.3,0.31592
1577,0.2,10,0.007,1.3,0.31592
1578,0.2,10,0.007,1.3,0.31592
1579,0.2,10,0.007,1.3,0.31592
1580,0.2,10,0.007,1.3,0.31592
1581,0.2,10,0.007,1.3,0.31592
1582,0.2,10,0.007,1.3,0.31592
1583,0.2,10,0.007,1.3,0.31592
1584,0.2,10,0.007,1.3,0.31592
1585,0.2,10,0.007,1.3,0.31592
1586,0.2,10,0.007,1.3,0.31592
1587,0.2,10,0.007,1.3,0.31592
1588,0.2,10,0.007,1.3,0.31592
1589,0.2,10,0.007,1.3,0.31592
1590,0.2,10,0.007,1.3,0.31592
1591,0.2,10,0.007,1.3,0.31592
1592,0.2,10,0.007,1.3,0.31592
1593,0.2,10,0.007,1.3,0.31592
1594,0.2,10,0.007,1.3,0.31592
1595,0.2,10,0.007,1.3,0.31592
1596,0.2,10,0.007,1.3,0.31592
1597,0.2,10,0.007,1.3,0.31592
1598,0.2,10,0.007,1.3,0.31592
1599,0.2,10,0.007,1.3,0.31592
1600,0.2,10,0.007,1.3,0.31592
1601,0.2,10,0.007,1.3,0.31592
1602,0.2,10,0.007,1.3,0.31592
1603,0.2,10,0.007,1.3,0.31592
1604,0.2,10,0.007,1.3,0.31592
1605,0.2,10,0.007,1.3,0.31592
1606,0.2,10,0.007,1.3,0.31592
1607,0.2,10,0.007,1.3,0.31592
1608,0.2,10,0.007,1.3,0.31592
1609,0.2,10,0.007,1.3,0.31592
1610,0.2,10,0.007,1.3,0.31592
1611,0.2,10,0.007,1.3,0.31592
1612,0.2,10,0.007,1.3,0.31592
1613,0.2,10,0.007,1.3,0.31592
1614,0.2,10,0.007,1.3,0.31592
1615,0.2,10,0.007,1.3,0.31592
1616,0.2,10,0.007,1.3,0.31592
1617,0.2,10,0.007,1.3,0.31592
1618,0.2,10,0.007,1.3,0.31592
1619,0.2,10,0.007,1.3,0.31592
1620,0.2,10,0.007,1.3,0.31592
1621,0.2,10,0.007,1.3,0.31592
1622,0.2,10,0.007,1.3,0.31592
1623,0.2,10,0.007,1.3,0.31592
1624,0.2,10,0.007,1.3,0.31592
1625,0.2,10,0.007,1.3,0.31592
1626,0.2,10,0.007,1.3,0.31592
1627,0.2,10,0.007,1.3,0.31592
1628,0.2,10,0.007,1.3,0.31592
1629,0.2,10,0.007,1.3,0.31592
1630,0.2,10,0.007,1.3,0.31592
1631,0.2,10,0.007,1.3,0.31592
0,2,70,0.7,1.48,0.047392
