1,20,180,0.002,1.2,Inf
2,20,180,0.002,1.2,Inf
3,20,180,0.002,1.2,Inf
4,20,180,0.002,1.2,Inf
5,20,180,0.002,1.2,Inf
6,20,180,0.002,1.2,Inf
7,20,180,0.002,1.2,Inf
8,20,180,0.002,1.2,Inf
9,20,180,0.002,1.2,Inf
10,20,180,0.002,1.2,Inf
11,20,180,0.002,1.2,Inf
12,20,180,0.002,1.2,Inf
13,20,180,0.002,1.2,Inf
14,20,180,0.002,1.2,Inf
15,20,180,0.002,1.2,Inf
16,20,180,0.002,1.2,Inf
17,20,180,0.002,1.2,Inf
18,20,180,0.002,1.2,Inf
19,1,120,0.5,1.33,0.10534
20,1,120,0.5,1.33,0.10534
21,1,120,0.5,1.33,0.10534
22,1,120,0.5,1.33,0.10534
23,1,120,0.5,1.33,0.10534
24,1,120,0.5,1.33,0.10534
25,1,120,0.5,1.33,0.10534
26,1,120,0.5,1.33,0.10534
27,1,120,0.5,1.33,0.10534
28,1,120,0.5,1.33,0.10534
29,1,120,0.5,1.33,0.10534
30,1,120,0.5,1.33,0.10534
31,1,120,0.5,1.33,0.10534
32,1,120,0.5,1.33,0.10534
33,1,120,0.5,1.33,0.10534
34,1,12,0.002,1.07,0.32523
35,1,12,0.002,1.07,0.32523
36,1,12,0.002,1.07,0.32523
37,1,12,0.002,1.07,0.32523
38,1,12,0.002,1.07,0.32523
39,1,12,0.002,1.07,0.32523
40,0.2,13,0.007,1.44,0.22898
41,0.2,13,0.007,1.44,0.22898
42,0.2,13,0.007,1.44,0.22898
43,0.2,13,0.007,1.44,0.22898
44,0.2,13,0.007,1.44,0.22898
45,2,210,0.5,1.48,0.075317
46,2,210,0.5,1.48,0.075317
47,2,210,0.5,1.15,0.47421
48,10,160,0.5,1.54,0.77355
49,10,160,0.5,1.54,0.77355
50,10,160,0.5,1.54,0.77355
51,10,160,0.5,1.54,0.77355
52,2,4,0.05,1.27,0.3852
53,2,4,0.05,1.27,0.3852
54,2,4,0.05,1.27,0.3852
55,2,4,0.05,1.27,0.3852
56,2,4,0.05,1.27,0.3852
57,2,4,0.05,1.27,0.3852
58,2,4,0.05,1.27,0.3852
59,2,4,0.05,1.27,0.3852
60,2,4,0.05,1.27,0.3852
61,2,4,0.05,1.27,0.3852
62,2,12,0.5,1.45,0.092131
63,1,18,0.7,1.15,0.12828
64,1,18,0.7,1.15,0.12828
65,1,18,0.7,1.15,0.12828
66,1,18,0.7,1.15,0.12828
67,1,18,0.7,1.15,0.12828
68,1,18,0.7,1.15,0.12828
69,1,18,0.7,1.15,0.12828
70,1,18,0.7,1.15,0.12828
71,1,18,0.7,1.15,0.12828
72,1,18,0.7,1.15,0.12828
73,0.2,17,0.07,1.3,0.26008
74,0.2,17,0.07,1.3,0.26008
75,0.2,17,0.07,1.3,0.26008
76,0.2,17,0.07,1.3,0.26008
77,0.2,17,0.07,1.3,0.26008
78,0.2,17,0.07,1.3,0.26008
79,0.2,17,0.07,1.3,0.26008
80,0.2,17,0.07,1.3,0.26008
81,0.2,17,0.07,1.3,0.26008
82,0.2,17,0.07,1.3,0.26008
83,0.2,17,0.07,1.3,0.26008
84,0.2,17,0.07,1.3,0.26008
85,1,30,0.3,1.08,0.23407
86,1,30,0.3,1.08,0.23407
87,1,30,0.3,1.08,0.23407
88,1,30,0.3,1.08,0.23407
89,1,30,0.3,1.08,0.23407
90,1,30,0.3,1.08,0.23407
91,1,30,0.3,1.08,0.23407
92,1,30,0.3,1.08,0.23407
93,1,30,0.3,1.08,0.23407
94,2,9,1,1.32,0.15905
95,2,9,1,1.32,0.15905
96,2,2,0.002,1.34,0.27625
97,2,2,0.002,1.34,0.27625
98,2,2,0.002,1.34,0.27625
99,2,2,0.002,1.34,0.27625
100,2,2,0.002,1.34,0.27625
101,1,12,0.1,1.11,0.25653
102,1,12,0.1,1.11,0.25653
103,1,12,0.1,1.11,0.25653
104,1,12,0.1,1.11,0.25653
105,1,12,0.1,1.11,0.25653
106,1,12,0.1,1.11,0.25653
107,1,12,0.1,1.11,0.25653
108,1,12,0.1,1.11,0.25653
109,1,12,0.1,1.11,0.25653
110,1,12,0.1,1.11,0.25653
111,1,12,0.1,1.11,0.25653
112,1,12,0.1,1.11,0.25653
113,1,12,0.1,1.11,0.25653
114,1,9,0.1,1.4,0.11178
115,1,9,0.1,1.4,0.11178
116,1,9,0.1,1.4,0.11178
117,1,9,0.1,1.4,0.11178
118,1,9,0.1,1.4,0.11178
119,1,9,0.1,1.4,0.11178
120,1,9,0.1,1.4,0.11178
121,1,9,0.1,1.4,0.11178
122,1,9,0.1,1.4,0.11178
123,1,9,0.1,1.4,0.11178
124,1,9,0.1,1.4,0.11178
125,1,9,0.1,1.4,0.11178
126,1,9,0.1,1.4,0.11178
127,0.5,12,0.3,1.18,0.13658
128,0.5,12,0.3,1.18,0.13658
129,0.5,12,0.3,1.18,0.13658
130,0.5,12,0.3,1.18,0.13658
131,0.5,12,0.3,1.18,0.13658
132,2,200,0.5,1.03,0.54192
133,0.2,50,0.001,1.04,0.089786
134,0.2,50,0.001,1.04,0.089786
135,0.2,50,0.001,1.04,0.089786
136,0.2,50,0.001,1.04,0.089786
137,0.2,50,0.001,1.04,0.089786
138,1,11,0.3,1.36,0.096344
139,1,11,0.3,1.36,0.096344
140,1,11,0.3,1.36,0.096344
141,1,11,0.3,1.36,0.096344
142,1,11,0.3,1.36,0.096344
143,1,11,0.3,1.36,0.096344
144,1,11,0.3,1.36,0.096344
145,1,11,0.3,1.36,0.096344
146,1,11,0.3,1.36,0.096344
147,1,11,0.3,1.36,0.096344
148,1,5,0.007,1.35,0.11682
149,1,5,0.007,1.35,0.11682
150,1,5,0.007,1.35,0.11682
151,1,5,0.007,1.35,0.11682
152,1,5,0.007,1.35,0.11682
153,1,5,0.007,1.35,0.11682
154,1,5,0.007,1.35,0.11682
155,1,5,0.007,1.35,0.11682
156,1,5,0.007,1.35,0.11682
157,1,5,0.007,1.35,0.11682
158,1,5,0.007,1.35,0.11682
159,1,5,0.007,1.35,0.11682
160,1,5,0.007,1.35,0.11682
161,1,5,0.007,1.35,0.11682
162,1,5,0.007,1.35,0.11682
163,1,5,0.007,1.35,0.11682
164,1,5,0.007,1.35,0.11682
165,1,5,0.007,1.35,0.11682
166,1,5,0.007,1.35,0.11682
167,1,5,0.007,1.35,0.11682
168,1,5,0.007,1.35,0.11682
169,1,5,0.007,1.35,0.11682
170,1,5,0.007,1.35,0.11682
171,1,5,0.007,1.35,0.11682
172,1,5,0.007,1.35,0.11682
173,1,5,0.007,1.35,0.11682
174,1,5,0.007,1.35,0.11682
175,1,5,0.007,1.35,0.11682
176,1,5,0.007,1.35,0.11682
177,1,5,0.007,1.35,0.11682
178,1,5,0.007,1.35,0.11682
179,1,5,0.007,1.35,0.11682
180,1,5,0.007,1.35,0.11682
181,1,5,0.007,1.35,0.11682
182,1,5,0.007,1.35,0.11682
183,1,5,0.007,1.35,0.11682
184,1,5,0.007,1.35,0.11682
185,1,5,0.007,1.35,0.11682
186,1,5,0.007,1.35,0.11682
187,1,5,0.007,1.35,0.11682
188,1,5,0.007,1.35,0.11682
189,1,5,0.007,1.35,0.11682
190,1,5,0.007,1.35,0.11682
191,1,5,0.007,1.35,0.11682
192,1,5,0.007,1.35,0.11682
193,1,5,0.007,1.35,0.11682
194,1,5,0.007,1.35,0.11682
195,1,5,0.007,1.35,0.11682
196,2,140,1,1.41,0.079723
197,2,140,1,1.41,0.079723
198,2,140,1,1.41,0.079723
199,1,11,0.7,1.21,0.10669
200,1,11,0.7,1.21,0.10669
201,1,11,0.7,1.21,0.10669
202,1,11,0.7,1.21,0.10669
203,1,11,0.7,1.21,0.10669
204,1,11,0.7,1.21,0.10669
205,1,11,0.7,1.21,0.10669
206,1,11,0.7,1.21,0.10669
207,1,11,0.7,1.21,0.10669
208,1,11,0.7,1.21,0.10669
209,1,11,0.7,1.21,0.10669
210,1,11,0.7,1.21,0.10669
211,1,11,0.7,1.21,0.10669
212,1,11,0.7,1.21,0.10669
213,1,11,0.7,1.21,0.10669
214,1,11,0.7,1.21,0.10669
215,1,11,0.7,1.21,0.10669
216,1,11,0.7,1.21,0.10669
217,1,11,0.7,1.21,0.10669
218,1,11,0.7,1.21,0.10669
219,1,11,0.7,1.21,0.10669
220,1,11,0.7,1.21,0.10669
221,1,11,0.7,1.21,0.10669
222,1,11,0.7,1.21,0.10669
223,0.5,20,0.7,1.05,0.15621
224,0.5,20,0.7,1.05,0.15621
225,0.5,20,0.7,1.05,0.15621
226,0.5,20,0.7,1.05,0.15621
227,0.5,20,0.7,1.05,0.15621
228,0.5,20,0.7,1.05,0.15621
229,0.5,20,0.7,1.05,0.15621
230,0.5,20,0.7,1.05,0.15621
231,0.5,20,0.7,1.05,0.15621
232,0.5,20,0.7,1.05,0.15621
233,0.2,17,0.03,1.26,0.2053
234,0.2,17,0.03,1.26,0.2053
235,0.2,17,0.03,1.26,0.2053
236,0.2,17,0.03,1.26,0.2053
237,0.2,17,0.03,1.26,0.2053
238,0.2,17,0.03,1.26,0.2053
239,0.2,17,0.03,1.26,0.2053
240,0.5,10,0.03,1.17,0.12598
241,0.5,10,0.03,1.17,0.12598
242,0.5,10,0.03,1.17,0.12598
243,0.5,10,0.03,1.17,0.12598
244,0.5,10,0.03,1.17,0.12598
245,0.5,10,0.03,1.17,0.12598
246,0.5,10,0.03,1.17,0.12598
247,0.5,10,0.03,1.17,0.12598
248,0.5,10,0.03,1.17,0.12598
249,0.5,10,0.03,1.17,0.12598
250,0.5,10,0.03,1.17,0.12598
251,0.5,10,0.03,1.17,0.12598
252,0.5,10,0.03,1.17,0.12598
253,0.5,10,0.03,1.17,0.12598
254,0.5,10,0.03,1.17,0.12598
255,0.5,10,0.03,1.17,0.12598
256,0.5,10,0.03,1.17,0.12598
257,0.5,10,0.03,1.17,0.12598
258,0.5,10,0.03,1.17,0.12598
259,0.5,10,0.03,1.17,0.12598
260,0.5,10,0.03,1.17,0.12598
261,0.5,10,0.03,1.17,0.12598
262,0.5,10,0.03,1.17,0.12598
263,0.5,9,0.05,1.35,0.12105
264,0.5,9,0.05,1.35,0.12105
265,0.5,9,0.05,1.35,0.12105
266,0.5,9,0.05,1.35,0.12105
267,0.5,9,0.05,1.35,0.12105
268,0.5,9,0.05,1.35,0.12105
269,0.5,9,0.05,1.35,0.12105
270,0.5,9,0.05,1.35,0.12105
271,0.5,9,0.05,1.35,0.12105
272,0.5,9,0.05,1.35,0.12105
273,0.5,9,0.05,1.35,0.12105
274,0.5,9,0.05,1.35,0.12105
275,0.5,9,0.05,1.35,0.12105
276,0.5,9,0.05,1.35,0.12105
277,0.5,9,0.05,1.35,0.12105
278,0.5,9,0.05,1.35,0.12105
279,0.5,9,0.05,1.35,0.12105
280,0.5,9,0.05,1.35,0.12105
281,0.5,9,0.05,1.35,0.12105
282,0.5,9,0.05,1.35,0.12105
283,0.5,9,0.05,1.35,0.12105
284,0.5,9,0.05,1.35,0.12105
285,0.5,9,0.05,1.35,0.12105
286,0.5,9,0.05,1.35,0.12105
287,0.5,9,0.05,1.35,0.12105
288,0.5,9,0.05,1.35,0.12105
289,0.5,9,0.05,1.35,0.12105
290,0.5,9,0.05,1.35,0.12105
291,0.5,9,0.05,1.35,0.12105
292,2,160,0.7,1.24,0.32814
293,2,160,0.7,1.24,0.32814
294,2,160,0.7,1.24,0.32814
295,2,160,0.7,1.24,0.32814
296,2,160,0.7,1.24,0.32814
297,2,160,0.7,1.24,0.32814
298,2,160,0.7,1.24,0.32814
299,2,160,0.7,1.24,0.32814
300,2,160,0.7,1.24,0.32814
301,2,160,0.7,1.24,0.32814
302,2,160,0.7,1.24,0.32814
303,2,160,0.7,1.24,0.32814
304,2,160,0.7,1.24,0.32814
305,2,160,0.7,1.24,0.32814
306,2,160,0.7,1.24,0.32814
307,2,160,0.7,1.24,0.32814
308,2,160,0.7,1.24,0.32814
309,2,160,0.7,1.24,0.32814
310,2,160,0.7,1.24,0.32814
311,2,160,0.7,1.24,0.32814
312,2,160,0.7,1.24,0.32814
313,2,160,0.7,1.24,0.32814
314,2,160,0.7,1.24,0.32814
315,2,160,0.7,1.24,0.32814
316,2,160,0.7,1.24,0.32814
317,2,160,0.7,1.24,0.32814
318,2,160,0.7,1.24,0.32814
319,2,160,0.7,1.24,0.32814
320,2,160,0.7,1.24,0.32814
321,2,160,0.7,1.24,0.32814
322,2,160,0.7,1.24,0.32814
323,2,160,0.7,1.24,0.32814
324,2,160,0.7,1.24,0.32814
325,2,160,0.7,1.24,0.32814
326,2,160,0.7,1.24,0.32814
327,2,160,0.7,1.24,0.32814
328,2,160,0.7,1.24,0.32814
329,2,160,0.7,1.24,0.32814
330,2,160,0.7,1.24,0.32814
331,2,160,0.7,1.24,0.32814
332,2,160,0.7,1.24,0.32814
333,2,160,0.7,1.24,0.32814
334,2,160,0.7,1.24,0.32814
335,2,160,0.7,1.24,0.32814
336,2,160,0.7,1.24,0.32814
337,2,160,0.7,1.24,0.32814
338,2,160,0.7,1.24,0.32814
339,2,160,0.7,1.24,0.32814
340,2,160,0.7,1.24,0.32814
341,2,160,0.7,1.24,0.32814
342,2,160,0.7,1.24,0.32814
343,2,160,0.7,1.24,0.32814
344,2,160,0.7,1.24,0.32814
345,2,160,0.7,1.24,0.32814
346,2,160,0.7,1.24,0.32814
347,2,160,0.7,1.24,0.32814
348,1,220,1,1.23,0.090461
349,1,220,1,1.23,0.090461
350,1,220,1,1.23,0.090461
351,1,220,1,1.23,0.090461
352,1,220,1,1.23,0.090461
353,1,220,1,1.23,0.090461
354,1,220,1,1.23,0.090461
355,1,220,1,1.23,0.090461
356,1,220,1,1.23,0.090461
357,1,220,1,1.23,0.090461
358,1,220,1,1.23,0.090461
359,1,220,1,1.23,0.090461
360,1,220,1,1.23,0.090461
361,1,220,1,1.23,0.090461
362,5,190,0.7,1.32,1.1478
363,5,190,0.7,1.32,1.1478
364,5,190,0.7,1.32,1.1478
365,5,190,0.7,1.32,1.1478
366,5,190,0.7,1.32,1.1478
367,5,190,0.7,1.32,1.1478
368,5,190,0.7,1.32,1.1478
369,5,190,0.7,1.32,1.1478
370,5,190,0.7,1.32,1.1478
371,5,190,0.7,1.32,1.1478
372,5,190,0.7,1.32,1.1478
373,5,190,0.7,1.32,1.1478
374,5,190,0.7,1.32,1.1478
375,5,190,0.7,1.32,1.1478
376,5,190,0.7,1.32,1.1478
377,5,190,0.7,1.32,1.1478
378,5,190,0.7,1.32,1.1478
379,5,190,0.7,1.32,1.1478
380,1,20,0.7,1.39,0.093597
381,1,20,0.7,1.39,0.093597
382,1,20,0.7,1.39,0.093597
383,1,20,0.7,1.39,0.093597
384,1,20,0.7,1.39,0.093597
385,1,20,0.7,1.39,0.093597
386,1,20,0.7,1.39,0.093597
387,1,20,0.7,1.39,0.093597
388,1,20,0.7,1.39,0.093597
389,1,20,0.7,1.39,0.093597
390,1,20,0.7,1.39,0.093597
391,1,20,0.7,1.39,0.093597
392,1,20,0.7,1.39,0.093597
393,0.2,60,0.1,1.16,0.090575
394,0.2,60,0.1,1.16,0.090575
395,0.2,60,0.1,1.16,0.090575
396,0.2,60,0.1,1.16,0.090575
397,0.2,60,0.1,1.16,0.090575
398,0.2,60,0.1,1.16,0.090575
399,1,5,0.005,1.23,0.16816
400,2,4,0.1,1,0.54565
401,2,4,0.1,1,0.54565
402,2,4,0.1,1,0.54565
403,2,4,0.1,1,0.54565
404,2,4,0.1,1,0.54565
405,2,4,0.1,1,0.54565
406,2,4,0.1,1,0.54565
407,2,4,0.1,1,0.54565
408,2,4,0.1,1,0.54565
409,2,4,0.1,1,0.54565
410,2,4,0.1,1,0.54565
411,2,4,0.1,1,0.54565
412,2,4,0.1,1,0.54565
413,1,10,0.1,1.47,0.074334
414,1,10,0.1,1.47,0.074334
415,1,10,0.1,1.47,0.074334
416,1,10,0.1,1.47,0.074334
417,1,10,0.1,1.47,0.074334
418,1,10,0.1,1.47,0.074334
419,1,10,0.1,1.47,0.074334
420,1,10,0.1,1.47,0.074334
421,1,10,0.1,1.47,0.074334
422,1,10,0.1,1.47,0.074334
423,1,10,0.1,1.47,0.074334
424,1,10,0.1,1.47,0.074334
425,1,10,0.1,1.47,0.074334
426,1,10,0.1,1.47,0.074334
427,1,10,0.1,1.47,0.074334
428,1,10,0.1,1.47,0.074334
429,1,10,0.1,1.47,0.074334
430,1,10,0.1,1.47,0.074334
431,1,10,0.1,1.47,0.074334
432,1,10,0.1,1.47,0.074334
433,1,10,0.1,1.47,0.074334
434,1,10,0.1,1.47,0.074334
435,1,10,0.1,1.47,0.074334
436,1,10,0.1,1.47,0.074334
437,1,10,0.1,1.47,0.074334
438,1,10,0.1,1.47,0.074334
439,1,10,0.1,1.47,0.074334
440,1,10,0.1,1.47,0.074334
441,1,10,0.1,1.47,0.074334
442,2,11,1,1.45,0.051525
443,2,11,1,1.45,0.051525
444,2,11,1,1.45,0.051525
445,0.2,20,0.007,1.08,0.16721
446,0.2,20,0.007,1.08,0.16721
447,0.2,20,0.007,1.08,0.16721
448,0.2,20,0.007,1.08,0.16721
449,0.2,20,0.007,1.08,0.16721
450,7,4,0.5,1.4,1.4267
451,7,4,0.5,1.4,1.4267
452,7,4,0.5,1.4,1.4267
453,7,4,0.5,1.4,1.4267
454,7,4,0.5,1.4,1.4267
455,1,110,0.3,1.01,0.28322
456,1,110,0.3,1.01,0.28322
457,1,110,0.3,1.01,0.28322
458,1,110,0.3,1.01,0.28322
459,1,110,0.3,1.01,0.28322
460,1,110,0.3,1.01,0.28322
461,1,110,0.3,1.01,0.28322
462,1,110,0.3,1.01,0.28322
463,1,110,0.3,1.01,0.28322
464,1,110,0.3,1.01,0.28322
465,1,110,0.3,1.01,0.28322
466,1,110,0.3,1.01,0.28322
467,1,110,0.3,1.01,0.28322
468,1,110,0.3,1.01,0.28322
469,1,110,0.3,1.01,0.28322
470,1,110,0.3,1.01,0.28322
471,5,150,0.7,1.52,0.14557
472,5,150,0.7,1.52,0.14557
473,5,150,0.7,1.52,0.14557
474,0.5,9,0.005,1.04,0.13034
475,0.5,9,0.005,1.04,0.13034
476,0.5,9,0.005,1.04,0.13034
477,0.5,9,0.005,1.04,0.13034
478,0.5,9,0.005,1.04,0.13034
479,0.5,9,0.005,1.04,0.13034
480,0.5,9,0.005,1.04,0.13034
481,0.5,9,0.005,1.04,0.13034
482,0.5,9,0.005,1.04,0.13034
483,0.5,9,0.005,1.04,0.13034
484,0.5,9,0.005,1.04,0.13034
485,5,190,1,1.38,0.78885
486,5,190,1,1.38,0.78885
487,5,190,1,1.38,0.78885
488,5,190,1,1.38,0.78885
489,0.5,4,0.3,1.08,0.1483
490,0.5,4,0.3,1.08,0.1483
491,0.5,4,0.3,1.08,0.1483
492,0.5,4,0.3,1.08,0.1483
493,0.5,4,0.3,1.08,0.1483
494,0.5,4,0.3,1.08,0.1483
495,0.5,4,0.3,1.08,0.1483
496,0.5,4,0.3,1.08,0.1483
497,0.5,4,0.3,1.08,0.1483
498,0.5,4,0.3,1.08,0.1483
499,0.5,4,0.3,1.08,0.1483
500,0.5,4,0.3,1.08,0.1483
501,0.5,4,0.3,1.08,0.1483
502,0.5,4,0.3,1.08,0.1483
503,0.5,4,0.3,1.08,0.1483
504,0.5,4,0.3,1.08,0.1483
505,0.5,4,0.3,1.08,0.1483
506,0.5,4,0.3,1.08,0.1483
507,0.5,4,0.3,1.08,0.1483
508,0.5,4,0.3,1.08,0.1483
509,0.5,4,0.3,1.08,0.1483
510,0.5,4,0.3,1.08,0.1483
511,0.5,4,0.3,1.08,0.1483
512,0.5,4,0.3,1.08,0.1483
513,0.5,4,0.3,1.08,0.1483
514,0.5,4,0.3,1.08,0.1483
515,0.5,12,0.001,1.11,0.14489
516,2,4,0.3,1.46,0.072137
517,2,4,0.3,1.46,0.072137
518,2,4,0.3,1.46,0.072137
519,2,4,0.3,1.46,0.072137
520,2,4,0.3,1.46,0.072137
521,2,4,0.3,1.46,0.072137
522,2,4,0.3,1.46,0.072137
523,2,4,0.3,1.46,0.072137
524,2,4,0.3,1.46,0.072137
525,2,4,0.3,1.46,0.072137
526,2,4,0.3,1.46,0.072137
527,2,4,0.3,1.46,0.072137
528,2,4,0.3,1.46,0.072137
529,0.2,9,0.1,1.02,0.33014
530,0.2,9,0.1,1.02,0.33014
531,0.2,9,0.1,1.02,0.33014
532,0.2,9,0.1,1.02,0.33014
533,0.2,9,0.1,1.02,0.33014
534,0.2,9,0.1,1.02,0.33014
535,0.2,9,0.1,1.02,0.33014
536,0.2,9,0.1,1.02,0.33014
537,0.2,9,0.1,1.02,0.33014
538,0.2,9,0.1,1.02,0.33014
539,0.2,9,0.1,1.02,0.33014
540,0.2,9,0.1,1.02,0.33014
541,0.2,9,0.1,1.02,0.33014
542,2,12,0.1,1.52,0.11705
543,2,12,0.1,1.52,0.11705
544,2,12,0.1,1.52,0.11705
545,2,12,0.1,1.52,0.11705
546,2,12,0.1,1.52,0.11705
547,2,12,0.1,1.52,0.11705
548,2,12,0.1,1.52,0.11705
549,2,12,0.1,1.52,0.11705
550,2,12,0.1,1.52,0.11705
551,2,12,0.1,1.52,0.11705
552,2,12,0.1,1.52,0.11705
553,2,12,0.1,1.52,0.11705
554,2,12,0.1,1.52,0.11705
555,2,12,0.1,1.52,0.11705
556,2,12,0.1,1.52,0.11705
557,2,12,0.1,1.52,0.11705
558,2,12,0.1,1.52,0.11705
559,2,12,0.1,1.52,0.11705
560,2,12,0.1,1.52,0.11705
561,2,12,0.1,1.52,0.11705
562,2,12,0.1,1.52,0.11705
563,1,4,0.5,1.26,0.093691
564,1,4,0.5,1.26,0.093691
565,1,4,0.5,1.26,0.093691
566,1,4,0.5,1.26,0.093691
567,1,4,0.5,1.26,0.093691
568,1,4,0.5,1.26,0.093691
569,1,4,0.5,1.26,0.093691
570,1,4,0.5,1.26,0.093691
571,1,4,0.5,1.26,0.093691
572,1,4,0.5,1.26,0.093691
573,1,4,0.5,1.26,0.093691
574,1,4,0.5,1.26,0.093691
575,1,4,0.5,1.26,0.093691
576,1,4,0.5,1.26,0.093691
577,1,4,0.5,1.26,0.093691
578,1,4,0.5,1.26,0.093691
579,1,4,0.5,1.26,0.093691
580,0.5,4,0.5,1.02,0.15634
581,0.5,4,0.5,1.02,0.15634
582,0.5,100,0.3,1.4,0.1339
583,0.5,100,0.3,1.4,0.1339
584,0.5,100,0.3,1.4,0.1339
585,0.5,100,0.3,1.4,0.1339
586,0.5,100,0.3,1.4,0.1339
587,0.5,100,0.3,1.4,0.1339
588,0.5,100,0.3,1.4,0.1339
589,0.5,100,0.3,1.4,0.1339
590,0.5,100,0.3,1.4,0.1339
591,0.5,100,0.3,1.4,0.1339
592,0.5,100,0.3,1.4,0.1339
593,0.5,100,0.3,1.4,0.1339
594,0.5,100,0.3,1.4,0.1339
595,0.5,9,0.05,1.16,0.12497
596,0.5,9,0.05,1.16,0.12497
597,0.5,9,0.05,1.16,0.12497
598,0.5,9,0.05,1.16,0.12497
599,0.5,9,0.05,1.16,0.12497
600,0.5,9,0.05,1.16,0.12497
601,0.5,9,0.05,1.16,0.12497
602,0.5,9,0.05,1.16,0.12497
603,2,5,0.5,1.12,0.38626
604,2,5,0.5,1.12,0.38626
605,2,5,0.5,1.12,0.38626
606,2,5,0.5,1.12,0.38626
607,2,5,0.5,1.12,0.38626
608,2,5,0.5,1.12,0.38626
609,2,5,0.5,1.12,0.38626
610,2,5,0.5,1.12,0.38626
611,2,5,0.5,1.12,0.38626
612,2,5,0.5,1.12,0.38626
613,2,5,0.5,1.12,0.38626
614,2,5,0.5,1.12,0.38626
615,2,5,0.5,1.12,0.38626
616,2,5,0.5,1.12,0.38626
617,2,5,0.5,1.12,0.38626
618,2,5,0.5,1.12,0.38626
619,2,5,0.5,1.12,0.38626
620,2,200,1,1.2,0.28548
621,2,200,1,1.2,0.28548
622,2,200,1,1.2,0.28548
623,2,200,1,1.2,0.28548
624,2,200,1,1.2,0.28548
625,2,200,1,1.2,0.28548
626,2,200,1,1.2,0.28548
627,2,200,1,1.2,0.28548
628,2,200,1,1.2,0.28548
629,0.5,18,0.001,1.26,0.18984
630,0.5,18,0.001,1.26,0.18984
631,0.5,18,0.001,1.26,0.18984
632,0.5,18,0.001,1.26,0.18984
633,0.5,18,0.001,1.26,0.18984
634,0.5,18,0.001,1.26,0.18984
635,0.5,18,0.001,1.26,0.18984
636,0.5,18,0.001,1.26,0.18984
637,0.5,18,0.001,1.26,0.18984
638,0.5,18,0.001,1.26,0.18984
639,0.5,18,0.001,1.26,0.18984
640,0.5,18,0.001,1.26,0.18984
641,0.2,70,0.1,1.14,0.087047
642,0.2,70,0.1,1.14,0.087047
643,0.2,70,0.1,1.14,0.087047
644,0.2,70,0.1,1.14,0.087047
645,0.2,70,0.1,1.14,0.087047
646,0.2,70,0.1,1.14,0.087047
647,0.2,70,0.1,1.14,0.087047
648,0.2,70,0.1,1.14,0.087047
649,0.2,70,0.1,1.14,0.087047
650,0.2,70,0.1,1.14,0.087047
651,0.2,70,0.1,1.14,0.087047
652,0.2,70,0.1,1.14,0.087047
653,0.2,70,0.1,1.14,0.087047
654,0.2,70,0.1,1.14,0.087047
655,0.2,70,0.1,1.14,0.087047
656,0.2,70,0.1,1.14,0.087047
657,15,9,0.5,1.5,3.0263
658,15,9,0.5,1.5,3.0263
659,15,9,0.5,1.5,3.0263
660,15,9,0.5,1.5,3.0263
661,15,9,0.5,1.5,3.0263
662,15,9,0.5,1.5,3.0263
663,15,9,0.5,1.5,3.0263
664,15,9,0.5,1.5,3.0263
665,15,9,0.5,1.5,3.0263
666,15,9,0.5,1.5,3.0263
667,15,9,0.5,1.5,3.0263
668,15,9,0.5,1.5,3.0263
669,15,9,0.5,1.5,3.0263
670,15,9,0.5,1.5,3.0263
671,1,200,0.7,1.12,0.14759
672,1,200,0.7,1.12,0.14759
673,1,200,0.7,1.12,0.14759
674,1,200,0.7,1.12,0.14759
675,1,200,0.7,1.12,0.14759
676,1,200,0.7,1.12,0.14759
677,1,200,0.7,1.12,0.14759
678,1,200,0.7,1.12,0.14759
679,1,200,0.7,1.12,0.14759
680,1,200,0.7,1.12,0.14759
681,1,200,0.7,1.12,0.14759
682,1,200,0.7,1.12,0.14759
683,1,200,0.7,1.12,0.14759
684,1,200,0.7,1.12,0.14759
685,1,200,0.7,1.12,0.14759
686,1,200,0.7,1.12,0.14759
687,1,200,0.7,1.12,0.14759
688,1,200,0.7,1.12,0.14759
689,1,200,0.7,1.12,0.14759
690,1,200,0.7,1.12,0.14759
691,1,200,0.7,1.12,0.14759
692,1,200,0.7,1.12,0.14759
693,1,200,0.7,1.12,0.14759
694,1,200,0.7,1.12,0.14759
695,1,200,0.7,1.12,0.14759
696,1,200,0.7,1.12,0.14759
697,1,200,0.7,1.12,0.14759
698,1,200,0.7,1.12,0.14759
699,0.5,5,0.02,1.14,0.12652
700,0.2,10,0.05,1.04,0.30029
701,0.2,10,0.05,1.04,0.30029
702,0.2,10,0.05,1.04,0.30029
703,0.2,10,0.05,1.04,0.30029
704,0.2,10,0.05,1.04,0.30029
705,0.2,10,0.05,1.04,0.30029
706,0.2,10,0.05,1.04,0.30029
707,0.2,10,0.05,1.04,0.30029
708,0.2,10,0.05,1.04,0.30029
709,0.2,10,0.05,1.04,0.30029
710,0.2,10,0.05,1.04,0.30029
711,0.2,10,0.05,1.04,0.30029
712,0.5,2,0.5,1.1,0.17303
713,0.5,2,0.5,1.1,0.17303
714,0.5,2,0.5,1.1,0.17303
715,2,5,0.02,1.11,0.53927
716,2,5,0.02,1.11,0.53927
717,2,5,0.02,1.11,0.53927
718,2,5,0.02,1.11,0.53927
719,2,5,0.02,1.11,0.53927
720,2,5,0.02,1.11,0.53927
721,2,5,0.02,1.11,0.53927
722,2,5,0.02,1.11,0.53927
723,0.5,220,0.5,1.05,0.1338
724,0.5,220,0.5,1.05,0.1338
725,0.5,220,0.5,1.05,0.1338
726,0.5,220,0.5,1.05,0.1338
727,0.5,220,0.5,1.05,0.1338
728,0.5,220,0.5,1.05,0.1338
729,0.5,220,0.5,1.05,0.1338
730,0.5,220,0.5,1.05,0.1338
731,0.2,13,0.003,1.41,0.22488
732,0.2,13,0.003,1.41,0.22488
733,0.2,13,0.003,1.41,0.22488
734,0.2,13,0.003,1.41,0.22488
735,0.2,13,0.003,1.41,0.22488
736,0.2,13,0.003,1.41,0.22488
737,0.5,160,1,1.09,0.17335
738,0.5,160,1,1.09,0.17335
739,0.5,160,1,1.09,0.17335
740,0.5,160,1,1.09,0.17335
741,0.5,160,1,1.09,0.17335
742,0.5,160,1,1.09,0.17335
743,0.5,160,1,1.09,0.17335
744,0.5,160,1,1.09,0.17335
745,0.5,160,1,1.09,0.17335
746,0.5,160,1,1.09,0.17335
747,0.5,160,1,1.09,0.17335
748,0.5,160,1,1.09,0.17335
749,0.5,160,1,1.09,0.17335
750,0.5,160,1,1.09,0.17335
751,0.5,160,1,1.09,0.17335
752,0.5,160,1,1.09,0.17335
753,0.5,160,1,1.09,0.17335
754,0.5,160,1,1.09,0.17335
755,0.5,160,1,1.09,0.17335
756,0.5,160,1,1.09,0.17335
757,0.5,160,1,1.09,0.17335
758,0.5,160,1,1.09,0.17335
759,0.5,160,1,1.09,0.17335
760,0.5,160,1,1.09,0.17335
761,0.5,160,1,1.09,0.17335
762,0.5,160,1,1.09,0.17335
763,0.5,160,1,1.09,0.17335
764,2,4,0.5,1.48,0.052392
765,2,4,0.5,1.48,0.052392
766,2,4,0.5,1.48,0.052392
767,2,4,0.5,1.48,0.052392
768,2,4,0.5,1.48,0.052392
769,2,4,0.5,1.48,0.052392
770,2,4,0.5,1.48,0.052392
771,2,4,0.5,1.48,0.052392
772,2,4,0.5,1.48,0.052392
773,2,4,0.5,1.48,0.052392
774,2,4,0.5,1.48,0.052392
775,2,4,0.5,1.48,0.052392
776,2,4,0.5,1.48,0.052392
777,0.2,50,0.05,1,0.086845
778,0.2,50,0.05,1,0.086845
779,0.2,50,0.05,1,0.086845
780,0.2,50,0.05,1,0.086845
781,0.2,50,0.05,1,0.086845
782,0.2,50,0.05,1,0.086845
783,0.2,50,0.05,1,0.086845
784,0.2,50,0.05,1,0.086845
785,0.2,50,0.05,1,0.086845
786,0.2,50,0.05,1,0.086845
787,0.2,50,0.05,1,0.086845
788,0.2,50,0.05,1,0.086845
789,0.2,50,0.05,1,0.086845
790,0.2,50,0.05,1,0.086845
791,0.2,50,0.05,1,0.086845
792,0.2,50,0.05,1,0.086845
793,0.2,50,0.05,1,0.086845
794,0.2,50,0.05,1,0.086845
795,0.2,50,0.05,1,0.086845
796,0.2,50,0.05,1,0.086845
797,0.2,50,0.05,1,0.086845
798,0.2,50,0.05,1,0.086845
799,0.2,50,0.05,1,0.086845
800,0.2,50,0.05,1,0.086845
801,0.2,50,0.05,1,0.086845
802,0.2,50,0.05,1,0.086845
803,0.2,50,0.05,1,0.086845
804,0.2,50,0.05,1,0.086845
805,1,2,0.005,1.05,0.18737
806,1,2,0.005,1.05,0.18737
807,1,2,0.005,1.05,0.18737
808,1,2,0.005,1.05,0.18737
809,1,2,0.005,1.05,0.18737
810,1,2,0.005,1.05,0.18737
811,1,2,0.005,1.05,0.18737
812,1,2,0.005,1.05,0.18737
813,2,2,0.7,1.19,0.26809
814,2,2,0.7,1.19,0.26809
815,2,2,0.7,1.19,0.26809
816,2,2,0.7,1.19,0.26809
817,2,2,0.7,1.19,0.26809
818,2,2,0.7,1.19,0.26809
819,2,2,0.7,1.19,0.26809
820,18,60,0.3,1.56,1.5015
821,18,60,0.3,1.56,1.5015
822,18,60,0.3,1.56,1.5015
823,18,60,0.3,1.56,1.5015
824,18,60,0.3,1.56,1.5015
825,18,60,0.3,1.56,1.5015
826,18,60,0.3,1.56,1.5015
827,18,60,0.3,1.56,1.5015
828,18,60,0.3,1.56,1.5015
829,18,60,0.3,1.56,1.5015
830,18,60,0.3,1.56,1.5015
831,18,60,0.3,1.56,1.5015
832,18,60,0.3,1.56,1.5015
833,0.5,2,0.003,1.07,0.13415
834,0.5,2,0.003,1.07,0.13415
835,0.5,2,0.003,1.07,0.13415
836,0.5,2,0.003,1.07,0.13415
837,0.5,2,0.003,1.07,0.13415
838,0.5,2,0.003,1.07,0.13415
839,0.5,2,0.003,1.07,0.13415
840,0.5,2,0.003,1.07,0.13415
841,0.5,2,0.003,1.07,0.13415
842,0.5,2,0.003,1.07,0.13415
843,0.5,2,0.003,1.07,0.13415
844,0.5,2,0.003,1.07,0.13415
845,0.5,2,0.003,1.07,0.13415
846,1,180,0.3,1.32,0.19408
847,0.2,17,0.003,1.1,0.19074
848,0.2,17,0.003,1.1,0.19074
849,0.5,9,0.01,1.36,0.11766
850,0.5,9,0.01,1.36,0.11766
851,0.5,9,0.01,1.36,0.11766
852,0.5,9,0.01,1.36,0.11766
853,0.5,9,0.01,1.36,0.11766
854,0.5,9,0.01,1.36,0.11766
855,0.5,9,0.01,1.36,0.11766
856,0.5,9,0.01,1.36,0.11766
857,0.5,9,0.01,1.36,0.11766
858,0.5,9,0.01,1.36,0.11766
859,0.5,9,0.01,1.36,0.11766
860,0.5,9,0.01,1.36,0.11766
861,0.5,9,0.01,1.36,0.11766
862,0.5,9,0.01,1.36,0.11766
863,0.5,9,0.01,1.36,0.11766
864,0.5,9,0.01,1.36,0.11766
865,0.5,9,0.01,1.36,0.11766
866,0.5,9,0.01,1.36,0.11766
867,0.5,9,0.01,1.36,0.11766
868,0.5,9,0.01,1.36,0.11766
869,0.5,9,0.01,1.36,0.11766
870,0.5,9,0.01,1.36,0.11766
871,0.5,9,0.01,1.36,0.11766
872,0.5,9,0.01,1.36,0.11766
873,0.5,9,0.01,1.36,0.11766
874,0.5,9,0.01,1.36,0.11766
875,0.5,9,0.01,1.36,0.11766
876,0.5,9,0.01,1.36,0.11766
877,0.5,9,0.01,1.36,0.11766
878,0.5,9,0.01,1.36,0.11766
879,0.5,9,0.01,1.36,0.11766
880,0.5,9,0.01,1.36,0.11766
881,0.5,9,0.01,1.36,0.11766
882,0.5,9,0.01,1.36,0.11766
883,0.5,9,0.01,1.36,0.11766
884,0.5,9,0.01,1.36,0.11766
885,0.5,9,0.01,1.36,0.11766
886,0.5,9,0.01,1.36,0.11766
887,0.5,9,0.01,1.36,0.11766
888,0.5,9,0.01,1.36,0.11766
889,0.5,9,0.01,1.36,0.11766
890,0.5,9,0.01,1.36,0.11766
891,0.5,9,0.01,1.36,0.11766
892,0.5,20,0.1,1.04,0.14933
893,0.5,20,0.1,1.04,0.14933
894,0.5,20,0.1,1.04,0.14933
895,0.5,20,0.1,1.04,0.14933
896,2,170,1,1.29,0.2107
897,2,170,1,1.29,0.2107
898,2,170,1,1.29,0.2107
899,2,170,1,1.29,0.2107
900,2,170,1,1.29,0.2107
901,2,170,1,1.29,0.2107
902,2,170,1,1.29,0.2107
903,2,170,1,1.29,0.2107
904,2,170,1,1.29,0.2107
905,2,170,1,1.29,0.2107
906,2,170,1,1.29,0.2107
907,0.5,5,0.05,1.05,0.12769
908,0.5,5,0.05,1.05,0.12769
909,0.5,5,0.05,1.05,0.12769
910,0.5,5,0.05,1.05,0.12769
911,1,10,0.05,1.32,0.19635
912,1,10,0.05,1.32,0.19635
913,1,10,0.05,1.32,0.19635
914,1,10,0.05,1.32,0.19635
915,0.5,120,0.7,1.11,0.15579
916,0.5,120,0.7,1.11,0.15579
917,0.5,120,0.7,1.11,0.15579
918,0.5,120,0.7,1.11,0.15579
919,0.5,120,0.7,1.11,0.15579
920,0.5,120,0.7,1.11,0.15579
921,0.5,120,0.7,1.11,0.15579
922,0.5,120,0.7,1.11,0.15579
923,0.5,120,0.7,1.11,0.15579
924,0.5,120,0.7,1.11,0.15579
925,0.5,120,0.7,1.11,0.15579
926,0.5,120,0.7,1.11,0.15579
927,0.5,120,0.7,1.11,0.15579
928,0.5,120,0.7,1.11,0.15579
929,0.5,120,0.7,1.11,0.15579
930,0.5,120,0.7,1.11,0.15579
931,0.5,120,0.7,1.11,0.15579
932,0.5,120,0.7,1.11,0.15579
933,0.5,120,0.7,1.11,0.15579
934,0.5,120,0.7,1.11,0.15579
935,0.5,120,0.7,1.11,0.15579
936,0.5,120,0.7,1.11,0.15579
937,0.5,120,0.7,1.11,0.15579
938,1,4,0.03,1.46,0.087969
939,1,4,0.03,1.46,0.087969
940,1,4,0.03,1.46,0.087969
941,1,4,0.03,1.46,0.087969
942,1,4,0.03,1.46,0.087969
943,1,4,0.03,1.46,0.087969
944,1,4,0.03,1.46,0.087969
945,1,4,0.03,1.46,0.087969
946,1,4,0.03,1.46,0.087969
947,1,4,0.03,1.46,0.087969
948,1,4,0.03,1.46,0.087969
949,1,4,0.03,1.46,0.087969
950,1,4,0.03,1.46,0.087969
951,1,4,0.03,1.46,0.087969
952,1,4,0.03,1.46,0.087969
953,1,4,0.03,1.46,0.087969
954,1,4,0.03,1.46,0.087969
955,1,4,0.03,1.46,0.087969
956,1,4,0.03,1.46,0.087969
957,0.5,10,0.3,1,0.13099
958,0.5,10,0.3,1,0.13099
959,0.5,10,0.3,1,0.13099
960,0.5,10,0.3,1,0.13099
961,0.5,10,0.3,1,0.13099
962,0.5,10,0.3,1,0.13099
963,0.5,10,0.3,1,0.13099
964,0.5,10,0.3,1,0.13099
965,0.5,10,0.3,1,0.13099
966,0.5,10,0.3,1,0.13099
967,0.5,10,0.3,1,0.13099
968,7,180,0.7,1.41,1.4727
969,7,180,0.7,1.41,1.4727
970,7,180,0.7,1.41,1.4727
971,7,180,0.7,1.41,1.4727
972,10,170,1,1.4,2.2507
973,10,170,1,1.4,2.2507
974,10,170,1,1.4,2.2507
975,10,60,1,1.53,0.45998
976,1,10,0.05,1.4,0.15227
977,1,10,0.05,1.4,0.15227
978,1,10,0.05,1.4,0.15227
979,1,10,0.05,1.4,0.15227
980,1,10,0.05,1.4,0.15227
981,1,10,0.05,1.4,0.15227
982,1,10,0.05,1.4,0.15227
983,1,10,0.05,1.4,0.15227
984,1,10,0.05,1.4,0.15227
985,1,10,0.05,1.4,0.15227
986,1,10,0.05,1.4,0.15227
987,1,10,0.05,1.4,0.15227
988,1,10,0.05,1.4,0.15227
989,1,10,0.05,1.4,0.15227
990,1,10,0.05,1.4,0.15227
991,1,10,0.05,1.4,0.15227
992,1,10,0.05,1.4,0.15227
993,2,2,0.005,1.45,0.11334
994,2,2,0.005,1.45,0.11334
995,2,2,0.005,1.45,0.11334
996,2,2,0.005,1.45,0.11334
997,2,90,0.7,1.27,0.29985
998,2,90,0.7,1.27,0.29985
999,2,90,0.7,1.27,0.29985
1000,2,90,0.7,1.27,0.29985
1001,2,90,0.7,1.27,0.29985
1002,2,90,0.7,1.27,0.29985
1003,2,90,0.7,1.27,0.29985
1004,2,90,0.7,1.27,0.29985
1005,2,90,0.7,1.27,0.29985
1006,2,90,0.7,1.27,0.29985
1007,2,90,0.7,1.27,0.29985
1008,2,90,0.7,1.27,0.29985
1009,2,90,0.7,1.27,0.29985
1010,2,90,0.7,1.27,0.29985
1011,2,90,0.7,1.27,0.29985
1012,2,90,0.7,1.27,0.29985
1013,0.2,9,0.01,1.18,0.31641
1014,0.2,9,0.01,1.18,0.31641
1015,0.2,9,0.01,1.18,0.31641
1016,0.2,9,0.01,1.18,0.31641
1017,0.2,9,0.01,1.18,0.31641
1018,0.2,9,0.01,1.18,0.31641
1019,0.2,9,0.01,1.18,0.31641
1020,0.2,9,0.01,1.18,0.31641
1021,0.2,9,0.01,1.18,0.31641
1022,0.2,9,0.01,1.18,0.31641
1023,0.2,9,0.01,1.18,0.31641
1024,0.2,9,0.01,1.18,0.31641
1025,0.2,9,0.01,1.18,0.31641
1026,0.2,9,0.01,1.18,0.31641
1027,0.2,9,0.01,1.18,0.31641
1028,0.2,9,0.01,1.18,0.31641
1029,0.2,9,0.01,1.18,0.31641
1030,0.2,9,0.01,1.18,0.31641
1031,0.2,9,0.01,1.18,0.31641
1032,0.2,9,0.01,1.18,0.31641
1033,0.5,15,0.01,1.48,0.19777
1034,0.5,15,0.01,1.48,0.19777
1035,0.5,15,0.01,1.48,0.19777
1036,0.5,15,0.01,1.48,0.19777
1037,0.5,15,0.01,1.48,0.19777
1038,0.5,15,0.01,1.48,0.19777
1039,0.5,15,0.01,1.48,0.19777
1040,0.5,15,0.01,1.48,0.19777
1041,0.5,15,0.01,1.48,0.19777
1042,0.5,15,0.01,1.48,0.19777
1043,0.5,15,0.01,1.48,0.19777
1044,0.5,15,0.01,1.48,0.19777
1045,0.5,15,0.01,1.48,0.19777
1046,0.5,15,0.01,1.48,0.19777
1047,0.5,15,0.01,1.48,0.19777
1048,0.5,15,0.01,1.48,0.19777
1049,0.5,15,0.01,1.48,0.19777
1050,0.5,15,0.01,1.48,0.19777
1051,0.5,15,0.01,1.48,0.19777
1052,1,190,1,1.23,0.090667
1053,1,190,1,1.23,0.090667
1054,1,190,1,1.23,0.090667
1055,1,190,1,1.23,0.090667
1056,1,190,1,1.23,0.090667
1057,5,5,0.002,1.52,0.45995
1058,5,5,0.002,1.52,0.45995
1059,5,5,0.002,1.52,0.45995
1060,5,5,0.002,1.52,0.45995
1061,0.2,15,0.03,1.2,0.23674
1062,0.2,13,0.007,1.43,0.23086
1063,0.2,13,0.007,1.43,0.23086
1064,10,5,0.07,1.46,2.5431
1065,10,5,0.07,1.46,2.5431
1066,10,5,0.07,1.46,2.5431
1067,10,5,0.07,1.46,2.5431
1068,10,5,0.07,1.46,2.5431
1069,10,5,0.07,1.46,2.5431
1070,0.5,17,0.5,1.06,0.14286
1071,0.5,17,0.5,1.06,0.14286
1072,0.5,17,0.5,1.06,0.14286
1073,0.5,17,0.5,1.06,0.14286
1074,0.5,17,0.5,1.06,0.14286
1075,0.5,17,0.5,1.06,0.14286
1076,0.5,17,0.5,1.06,0.14286
1077,0.5,17,0.5,1.06,0.14286
1078,0.5,17,0.5,1.06,0.14286
1079,0.5,17,0.5,1.06,0.14286
1080,0.5,17,0.5,1.06,0.14286
1081,0.2,70,0.1,1.31,0.090343
1082,0.2,70,0.1,1.31,0.090343
1083,0.2,70,0.1,1.31,0.090343
1084,0.2,70,0.1,1.31,0.090343
1085,0.2,70,0.1,1.31,0.090343
1086,0.2,70,0.1,1.31,0.090343
1087,0.2,70,0.1,1.31,0.090343
1088,0.2,70,0.1,1.31,0.090343
1089,0.2,70,0.1,1.31,0.090343
1090,0.2,70,0.1,1.31,0.090343
1091,0.2,70,0.1,1.31,0.090343
1092,1,12,0.07,1.18,0.25771
1093,1,12,0.07,1.18,0.25771
1094,1,12,0.07,1.18,0.25771
1095,5,10,0.3,1.53,0.20348
1096,5,10,0.3,1.53,0.20348
1097,5,10,0.3,1.53,0.20348
1098,5,10,0.3,1.53,0.20348
1099,5,10,0.3,1.53,0.20348
1100,5,10,0.3,1.53,0.20348
1101,5,10,0.3,1.53,0.20348
1102,5,10,0.3,1.53,0.20348
1103,5,10,0.3,1.53,0.20348
1104,5,10,0.3,1.53,0.20348
1105,5,10,0.3,1.53,0.20348
1106,5,10,0.3,1.53,0.20348
1107,5,10,0.3,1.53,0.20348
1108,5,4,0.001,1.37,1.2479
1109,5,4,0.001,1.37,1.2479
1110,5,4,0.001,1.37,1.2479
1111,5,4,0.001,1.37,1.2479
1112,5,4,0.001,1.37,1.2479
1113,5,4,0.001,1.37,1.2479
1114,5,4,0.001,1.37,1.2479
1115,5,4,0.001,1.37,1.2479
1116,5,4,0.001,1.37,1.2479
1117,5,4,0.001,1.37,1.2479
1118,5,4,0.001,1.37,1.2479
1119,5,4,0.001,1.37,1.2479
1120,5,4,0.001,1.37,1.2479
1121,5,4,0.001,1.37,1.2479
1122,5,4,0.001,1.37,1.2479
1123,5,4,0.001,1.37,1.2479
1124,2,80,0.3,1.21,0.58954
1125,0.2,17,0.02,1.41,0.14839
1126,0.2,17,0.02,1.41,0.14839
1127,0.2,17,0.02,1.41,0.14839
1128,0.2,17,0.02,1.41,0.14839
1129,0.2,17,0.02,1.41,0.14839
1130,0.2,17,0.02,1.41,0.14839
1131,0.2,17,0.02,1.41,0.14839
1132,0.2,17,0.02,1.41,0.14839
1133,0.2,17,0.02,1.41,0.14839
1134,0.2,17,0.02,1.41,0.14839
1135,0.2,17,0.02,1.41,0.14839
1136,0.2,17,0.02,1.41,0.14839
1137,0.2,17,0.02,1.41,0.14839
1138,0.2,60,0.1,1.29,0.088414
1139,0.2,60,0.1,1.29,0.088414
1140,0.2,60,0.1,1.29,0.088414
1141,0.2,60,0.1,1.29,0.088414
1142,0.2,60,0.1,1.29,0.088414
1143,0.2,60,0.1,1.29,0.088414
1144,1,5,1,1.26,0.098217
1145,1,5,1,1.26,0.098217
1146,1,5,1,1.26,0.098217
1147,1,5,1,1.26,0.098217
1148,1,5,1,1.26,0.098217
1149,1,5,1,1.26,0.098217
1150,1,5,1,1.26,0.098217
1151,1,5,1,1.26,0.098217
1152,1,5,1,1.26,0.098217
1153,1,5,1,1.26,0.098217
1154,1,5,1,1.26,0.098217
1155,1,5,1,1.26,0.098217
1156,1,5,1,1.26,0.098217
1157,1,5,1,1.26,0.098217
1158,1,5,1,1.26,0.098217
1159,1,5,1,1.26,0.098217
1160,1,5,1,1.26,0.098217
1161,1,5,1,1.26,0.098217
1162,1,5,1,1.26,0.098217
1163,1,5,1,1.26,0.098217
1164,1,5,1,1.26,0.098217
1165,1,5,1,1.26,0.098217
1166,2,18,0.3,1.02,0.59275
1167,2,18,0.3,1.02,0.59275
1168,2,18,0.3,1.02,0.59275
1169,2,18,0.3,1.02,0.59275
1170,2,18,0.3,1.02,0.59275
1171,2,18,0.3,1.02,0.59275
1172,2,18,0.3,1.02,0.59275
1173,2,18,0.3,1.02,0.59275
1174,2,18,0.3,1.02,0.59275
1175,2,18,0.3,1.02,0.59275
1176,2,160,0.7,1.15,0.39322
1177,2,160,0.7,1.15,0.39322
1178,1,12,0.005,1.41,0.27945
1179,1,12,0.005,1.41,0.27945
1180,1,12,0.005,1.41,0.27945
1181,1,12,0.005,1.41,0.27945
1182,1,12,0.005,1.41,0.27945
1183,1,4,0.03,1.31,0.11932
1184,1,4,0.03,1.31,0.11932
1185,1,4,0.03,1.31,0.11932
1186,1,4,0.03,1.31,0.11932
1187,1,4,0.03,1.31,0.11932
1188,1,4,0.03,1.31,0.11932
1189,1,4,0.03,1.31,0.11932
1190,1,4,0.03,1.31,0.11932
1191,1,4,0.03,1.31,0.11932
1192,1,4,0.03,1.31,0.11932
1193,1,4,0.03,1.31,0.11932
1194,1,4,0.03,1.31,0.11932
1195,1,4,0.03,1.31,0.11932
1196,0.5,18,0.05,1.08,0.16042
1197,0.5,18,0.05,1.08,0.16042
1198,0.5,18,0.05,1.08,0.16042
1199,0.5,18,0.05,1.08,0.16042
1200,0.5,18,0.05,1.08,0.16042
1201,0.5,18,0.05,1.08,0.16042
1202,0.5,18,0.05,1.08,0.16042
1203,0.5,18,0.05,1.08,0.16042
1204,0.5,18,0.05,1.08,0.16042
1205,0.5,18,0.05,1.08,0.16042
1206,0.5,18,0.05,1.08,0.16042
1207,0.5,18,0.05,1.08,0.16042
1208,0.5,18,0.05,1.08,0.16042
1209,0.5,18,0.05,1.08,0.16042
1210,0.5,18,0.05,1.08,0.16042
1211,0.5,18,0.05,1.08,0.16042
1212,0.5,18,0.05,1.08,0.16042
1213,0.5,18,0.05,1.08,0.16042
1214,0.5,18,0.05,1.08,0.16042
1215,0.5,18,0.05,1.08,0.16042
1216,0.5,18,0.05,1.08,0.16042
1217,0.5,18,0.05,1.08,0.16042
1218,0.5,18,0.05,1.08,0.16042
1219,0.5,18,0.05,1.08,0.16042
1220,0.5,18,0.05,1.08,0.16042
1221,0.5,18,0.05,1.08,0.16042
1222,10,80,0.5,1.54,0.75773
1223,10,80,0.5,1.54,0.75773
1224,10,80,0.5,1.54,0.75773
1225,10,80,0.5,1.54,0.75773
1226,10,80,0.5,1.54,0.75773
1227,10,80,0.5,1.54,0.75773
1228,10,80,0.5,1.54,0.75773
1229,0.2,170,0.3,1.09,0.31253
1230,0.2,170,0.3,1.09,0.31253
1231,0.2,170,0.3,1.09,0.31253
1232,0.2,170,0.3,1.09,0.31253
1233,0.2,170,0.3,1.09,0.31253
1234,1,130,0.5,1.17,0.1666
1235,1,130,0.5,1.17,0.1666
1236,1,130,0.5,1.17,0.1666
1237,1,130,0.5,1.17,0.1666
1238,1,130,0.5,1.17,0.1666
1239,1,130,0.5,1.17,0.1666
1240,1,130,0.5,1.17,0.1666
1241,1,130,0.5,1.17,0.1666
1242,1,130,0.5,1.17,0.1666
1243,1,130,0.5,1.17,0.1666
1244,2,2,0.7,1.32,0.16177
1245,2,2,0.7,1.32,0.16177
1246,2,2,0.7,1.32,0.16177
1247,2,2,0.7,1.32,0.16177
1248,2,2,0.7,1.32,0.16177
1249,2,2,0.7,1.32,0.16177
1250,2,2,0.7,1.32,0.16177
1251,2,2,0.7,1.32,0.16177
1252,2,2,0.7,1.32,0.16177
1253,2,2,0.7,1.32,0.16177
1254,2,2,0.7,1.32,0.16177
1255,2,2,0.7,1.32,0.16177
1256,2,2,0.7,1.32,0.16177
1257,2,2,0.7,1.32,0.16177
1258,2,2,0.7,1.32,0.16177
1259,2,2,0.7,1.32,0.16177
1260,0.5,5,0.001,1.28,0.1353
1261,0.5,5,0.001,1.28,0.1353
1262,0.5,5,0.001,1.28,0.1353
1263,0.5,5,0.001,1.28,0.1353
1264,0.5,5,0.001,1.28,0.1353
1265,0.5,5,0.001,1.28,0.1353
1266,0.5,5,0.001,1.28,0.1353
1267,0.5,5,0.001,1.28,0.1353
1268,0.5,5,0.001,1.28,0.1353
1269,0.5,5,0.001,1.28,0.1353
1270,0.5,5,0.001,1.28,0.1353
1271,0.5,5,0.001,1.28,0.1353
1272,1,15,0.5,1.15,0.14961
1273,1,15,0.5,1.15,0.14961
1274,1,15,0.5,1.15,0.14961
1275,1,15,0.5,1.15,0.14961
1276,1,15,0.5,1.15,0.14961
1277,1,15,0.5,1.15,0.14961
1278,1,15,0.5,1.15,0.14961
1279,1,15,0.5,1.15,0.14961
1280,1,15,0.5,1.15,0.14961
1281,1,15,0.5,1.15,0.14961
1282,1,15,0.5,1.15,0.14961
1283,1,15,0.5,1.15,0.14961
1284,1,15,0.5,1.15,0.14961
1285,1,15,0.5,1.15,0.14961
1286,0.2,10,0.03,1.26,0.32874
1287,0.2,10,0.03,1.26,0.32874
1288,0.2,10,0.03,1.26,0.32874
1289,0.2,10,0.03,1.26,0.32874
1290,0.2,10,0.03,1.26,0.32874
1291,1,4,0.001,1.18,0.17259
1292,1,4,0.001,1.18,0.17259
1293,1,4,0.001,1.18,0.17259
1294,1,4,0.001,1.18,0.17259
1295,1,4,0.001,1.18,0.17259
1296,1,4,0.001,1.18,0.17259
1297,1,4,0.001,1.18,0.17259
1298,1,4,0.001,1.18,0.17259
1299,1,4,0.001,1.18,0.17259
1300,0.5,10,0.07,1.14,0.12604
1301,0.5,10,0.07,1.14,0.12604
1302,0.5,10,0.07,1.14,0.12604
1303,0.5,10,0.07,1.14,0.12604
1304,0.5,10,0.07,1.14,0.12604
1305,2,4,1,1.21,0.23146
1306,2,4,1,1.21,0.23146
1307,1,180,0.7,1.17,0.13345
1308,1,180,0.7,1.17,0.13345
1309,1,180,0.7,1.17,0.13345
1310,1,180,0.7,1.17,0.13345
1311,1,180,0.7,1.17,0.13345
1312,1,180,0.7,1.17,0.13345
1313,1,180,0.7,1.17,0.13345
1314,1,180,0.7,1.17,0.13345
1315,1,180,0.7,1.17,0.13345
1316,1,180,0.7,1.17,0.13345
1317,1,180,0.7,1.17,0.13345
1318,7,4,0.5,1.49,0.76152
1319,7,4,0.5,1.49,0.76152
1320,7,4,0.5,1.49,0.76152
1321,7,4,0.5,1.49,0.76152
1322,7,4,0.5,1.49,0.76152
1323,7,4,0.5,1.49,0.76152
1324,1,11,0.05,1,0.29209
1325,1,11,0.05,1,0.29209
1326,1,11,0.05,1,0.29209
1327,1,11,0.05,1,0.29209
1328,1,11,0.05,1,0.29209
1329,1,11,0.05,1,0.29209
1330,1,11,0.05,1,0.29209
1331,1,11,0.05,1,0.29209
1332,1,11,0.05,1,0.29209
1333,1,11,0.05,1,0.29209
1334,0.2,12,0.02,1.06,0.26142
1335,0.2,12,0.02,1.06,0.26142
1336,0.2,12,0.02,1.06,0.26142
1337,0.2,12,0.02,1.06,0.26142
1338,0.2,12,0.02,1.06,0.26142
1339,0.2,12,0.02,1.06,0.26142
1340,0.5,12,0.05,1.2,0.12658
1341,0.5,12,0.05,1.2,0.12658
1342,18,18,0.7,1.47,4.5039
1343,18,18,0.7,1.47,4.5039
1344,18,18,0.7,1.47,4.5039
1345,18,18,0.7,1.47,4.5039
1346,18,18,0.7,1.47,4.5039
1347,18,18,0.7,1.47,4.5039
1348,18,18,0.7,1.47,4.5039
1349,18,18,0.7,1.47,4.5039
1350,18,18,0.7,1.47,4.5039
1351,18,18,0.7,1.47,4.5039
1352,18,18,0.7,1.47,4.5039
1353,18,18,0.7,1.47,4.5039
1354,18,18,0.7,1.47,4.5039
1355,20,4,0.005,1.56,1.0287
1356,20,4,0.005,1.56,1.0287
1357,20,4,0.005,1.56,1.0287
1358,20,4,0.005,1.56,1.0287
1359,20,4,0.005,1.56,1.0287
1360,20,4,0.005,1.56,1.0287
1361,20,4,0.005,1.56,1.0287
1362,20,4,0.005,1.56,1.0287
1363,20,4,0.005,1.56,1.0287
1364,20,4,0.005,1.56,1.0287
1365,20,4,0.005,1.56,1.0287
1366,20,4,0.005,1.56,1.0287
1367,0.5,13,0.07,1.14,0.12917
1368,0.5,13,0.07,1.14,0.12917
1369,0.5,13,0.07,1.14,0.12917
1370,0.5,13,0.07,1.14,0.12917
1371,0.5,13,0.07,1.14,0.12917
1372,0.5,13,0.07,1.14,0.12917
1373,0.5,13,0.07,1.14,0.12917
1374,0.5,13,0.07,1.14,0.12917
1375,0.5,13,0.07,1.14,0.12917
1376,0.5,13,0.07,1.14,0.12917
1377,0.5,13,0.07,1.14,0.12917
1378,0.5,13,0.07,1.14,0.12917
1379,0.5,13,0.07,1.14,0.12917
1380,0.5,13,0.07,1.14,0.12917
1381,0.5,13,0.07,1.14,0.12917
1382,0.5,13,0.07,1.14,0.12917
1383,0.5,13,0.07,1.14,0.12917
1384,0.5,13,0.07,1.14,0.12917
1385,0.5,13,0.07,1.14,0.12917
1386,0.5,13,0.07,1.14,0.12917
1387,0.5,13,0.07,1.14,0.12917
1388,0.5,13,0.07,1.14,0.12917
1389,0.5,13,0.07,1.14,0.12917
1390,0.5,13,0.07,1.14,0.12917
1391,0.5,13,0.07,1.14,0.12917
1392,0.5,13,0.07,1.14,0.12917
1393,0.5,13,0.07,1.14,0.12917
1394,0.5,13,0.07,1.14,0.12917
1395,0.5,13,0.07,1.14,0.12917
1396,0.5,13,0.07,1.14,0.12917
1397,0.5,13,0.07,1.14,0.12917
1398,0.5,13,0.07,1.14,0.12917
1399,0.5,13,0.07,1.14,0.12917
1400,0.5,13,0.07,1.14,0.12917
1401,0.5,13,0.07,1.14,0.12917
1402,0.5,13,0.07,1.14,0.12917
1403,0.5,13,0.07,1.14,0.12917
1404,0.5,13,0.07,1.14,0.12917
1405,0.5,13,0.07,1.14,0.12917
1406,0.5,13,0.07,1.14,0.12917
1407,0.5,13,0.07,1.14,0.12917
1408,5,4,0.3,1.38,1.0012
1409,5,4,0.3,1.38,1.0012
1410,5,4,0.3,1.38,1.0012
1411,5,4,0.3,1.38,1.0012
1412,5,4,0.3,1.38,1.0012
1413,2,11,0.5,1.08,0.44644
1414,2,11,0.5,1.08,0.44644
1415,2,11,0.5,1.08,0.44644
1416,2,11,0.5,1.08,0.44644
1417,2,11,0.5,1.08,0.44644
1418,2,11,0.5,1.08,0.44644
1419,2,11,0.5,1.08,0.44644
1420,2,11,0.5,1.08,0.44644
1421,2,11,0.5,1.08,0.44644
1422,2,40,1,1.01,0.38849
1423,2,40,1,1.01,0.38849
1424,2,40,1,1.01,0.38849
1425,2,40,1,1.01,0.38849
1426,2,40,1,1.01,0.38849
1427,2,40,1,1.01,0.38849
1428,2,40,1,1.01,0.38849
1429,2,40,1,1.01,0.38849
1430,2,40,1,1.01,0.38849
1431,2,40,1,1.01,0.38849
1432,2,40,1,1.01,0.38849
1433,2,40,1,1.01,0.38849
1434,2,40,1,1.01,0.38849
1435,2,40,1,1.01,0.38849
1436,2,40,1,1.01,0.38849
1437,2,40,1,1.01,0.38849
1438,2,40,1,1.01,0.38849
1439,2,40,1,1.01,0.38849
1440,2,40,1,1.01,0.38849
1441,2,40,1,1.01,0.38849
1442,2,40,1,1.01,0.38849
0,2,11,1,1.45,0.051525
