1,0.2,4,0.5,1.4,0.15901
2,0.5,4,0.03,1.09,0.14943
3,0.5,2,0.05,1.46,0.14072
4,0.5,2,0.05,1.46,0.14072
5,0.2,10,0.7,1.21,0.074863
6,0.2,5,0.3,1.2,0.12719
7,1,2,0.7,1.36,0.1091
8,0.2,4,0.07,1.09,0.16825
9,0.2,5,0.07,1.36,0.065311
10,0.2,2,0.07,1.12,0.2974
11,0.2,5,0.5,1.21,0.15129
12,2,2,0.5,1.21,0.48012
13,0.5,2,0.05,1.27,0.12015
14,0.2,10,1,1.4,0.062816
15,0.2,10,1,1.4,0.062816
16,0.2,5,0.05,1.37,0.064699
17,0.2,5,0.05,1.37,0.064699
18,0.2,5,0.05,1.37,0.064699
19,0.2,5,0.05,1.37,0.064699
20,0.2,5,0.05,1.37,0.064699
21,0.2,17,1,1.24,0.062778
22,0.2,17,1,1.24,0.062778
23,0.2,17,1,1.24,0.062778
24,0.2,17,1,1.24,0.062778
25,0.2,17,1,1.24,0.062778
26,0.2,5,0.5,1.33,0.10914
27,1,2,0.3,1.12,0.22043
28,1,4,0.7,1.13,0.28428
29,1,2,0.07,1.21,0.21731
30,0.2,15,1,1.2,0.067511
31,1,2,0.7,1.24,0.15775
32,0.5,4,0.5,1.25,0.13482
33,0.5,4,0.5,1.25,0.13482
34,0.5,4,0.5,1.25,0.13482
35,0.2,2,0.07,1.07,0.2919
36,0.5,5,1,1.15,0.12405
37,1,2,0.5,1.25,0.16768
38,0.2,13,0.7,1.18,0.061667
39,0.2,13,0.7,1.18,0.061667
40,0.2,13,0.7,1.18,0.061667
41,0.2,13,0.7,1.18,0.061667
42,2,2,0.07,1.31,0.48309
43,0.2,9,0.7,1.18,0.093835
44,0.2,9,0.7,1.18,0.093835
45,1,4,1,1.07,0.25244
46,0.2,20,0.7,1.03,0.062799
47,0.2,20,0.7,1.03,0.062799
48,0.2,4,0.7,1.15,0.2381
49,0.2,13,0.1,1.03,0.063502
50,0.2,13,0.1,1.03,0.063502
51,0.2,4,0.07,1.03,0.18072
52,0.2,10,1,1.06,0.14809
53,0.2,13,0.7,1.07,0.075872
54,0.2,13,0.3,1.11,0.063805
55,1,2,0.3,1.13,0.21811
56,1,5,1,1.1,0.27836
57,1,2,0.1,1.14,0.2337
58,0.2,4,0.1,1.24,0.12698
59,0.2,4,0.1,1.24,0.12698
60,0.2,5,0.07,1.26,0.088215
61,0.2,9,0.5,1.13,0.085728
62,0.2,17,0.7,1.13,0.063558
63,1,2,0.07,1.08,0.24978
64,0.2,5,0.07,1.12,0.12792
65,0.2,17,0.7,1.08,0.06182
66,0.2,17,0.7,1.08,0.06182
67,0.2,4,1,1.11,0.27845
68,0.2,12,0.5,1.13,0.063118
69,1,2,0.5,1.05,0.21904
70,0.2,11,1,1.15,0.11506
71,0.2,10,0.5,1.04,0.090926
72,0.2,10,0.5,1.04,0.090926
73,2,2,0.7,1.11,0.50224
74,0.2,20,1,1.16,0.061965
75,1,4,1,1.18,0.24371
76,0.2,12,0.07,1.08,0.063902
77,0.2,12,0.07,1.08,0.063902
78,0.2,12,0.07,1.08,0.063902
79,0.2,4,1,1.26,0.29112
80,0.2,12,1,1.3,0.065867
81,2,2,0.3,1.22,0.50516
82,0.5,4,0.3,1.1,0.14136
83,0.2,18,0.7,1.1,0.063406
84,0.2,15,1,1.18,0.071007
85,0.2,9,0.3,1.22,0.06237
86,0.2,9,0.3,1.22,0.06237
87,0.2,12,0.5,1.12,0.063982
88,0.2,5,0.1,1.21,0.10539
89,0.2,13,0.5,1.13,0.062116
90,0.2,13,0.5,1.13,0.062116
91,0.2,13,0.5,1.16,0.063205
92,0.2,9,1,1.14,0.14775
93,0.2,9,0.7,1.16,0.09881
94,0.2,18,1,1.13,0.065307
95,0.2,11,1,1.19,0.10498
96,0.2,10,1,1.13,0.13376
97,0.2,15,1,1.17,0.072839
98,0.2,15,1,1.17,0.072839
99,0.2,15,1,1.17,0.072839
100,0.2,13,0.7,1.19,0.06153
101,0.2,13,0.7,1.19,0.06153
102,0.2,17,1,1.22,0.061803
103,0.2,17,1,1.22,0.061803
104,0.2,17,1,1.22,0.061803
105,0.2,17,1,1.22,0.061803
106,0.2,17,1,1.21,0.061338
107,0.2,17,1,1.21,0.061338
108,0.2,13,1,1.23,0.074097
109,0.2,18,1,1.19,0.061434
110,0.2,18,1,1.19,0.061434
111,0.2,17,1,1.23,0.06229
112,0.2,18,1,1.21,0.062343
113,0.2,18,1,1.21,0.062343
114,0.2,17,1,1.2,0.060885
115,0.2,17,1,1.2,0.060885
116,0.2,13,1,1.21,0.078678
117,0.2,13,0.7,1.19,0.06153
118,0.2,13,0.7,1.19,0.06153
119,0.2,13,0.7,1.19,0.06153
120,0.2,15,1,1.21,0.065851
121,0.2,18,1,1.2,0.061889
122,0.2,18,1,1.2,0.061889
123,0.2,17,1,1.19,0.061393
124,0.2,17,1,1.19,0.061393
125,0.2,17,1,1.19,0.061393
126,0.2,17,1,1.19,0.061393
127,0.2,17,1,1.21,0.061338
128,0.2,15,0.7,1.19,0.063881
129,0.2,17,1,1.2,0.060885
130,0.2,18,1,1.2,0.061889
131,0.2,17,1,1.19,0.061393
132,0.2,17,1,1.2,0.060885
133,0.2,17,1,1.2,0.060885
134,0.2,17,1,1.2,0.060885
135,0.2,17,1,1.2,0.060885
136,0.2,18,1,1.2,0.061889
137,0.2,15,0.7,1.19,0.063881
138,0.2,15,0.7,1.19,0.063881
139,0.2,15,0.7,1.19,0.063881
140,0.2,15,0.7,1.19,0.063881
141,0.2,15,0.7,1.2,0.064314
142,1,2,0.007,1.38,0.15081
143,0.5,4,0.3,1.18,0.14483
144,0.2,12,0.7,1.09,0.080149
145,1,2,0.07,1.51,0.072284
146,1,2,0.07,1.51,0.072284
147,0.5,2,0.1,1.26,0.12074
148,0.2,9,0.7,1.14,0.10361
149,0.2,9,0.05,1.12,0.065593
150,0.2,9,0.05,1.12,0.065593
151,2,4,1,1.37,0.52096
152,1,2,0.5,1.07,0.21547
153,1,2,0.5,1.07,0.21547
154,0.2,5,0.3,1.12,0.14916
155,0.2,17,0.7,1.14,0.063933
156,0.5,5,0.1,1.01,0.15148
157,1,2,0.1,1.24,0.20448
158,0.2,10,0.5,1.24,0.062375
159,0.5,4,0.5,1.12,0.13461
160,0.5,5,0.7,1.16,0.13428
161,0.2,5,1,1.39,0.25458
162,0.2,4,0.3,1.07,0.1953
163,0.5,4,0.3,1.21,0.14714
164,0.5,4,0.3,1.21,0.14714
165,0.2,13,0.7,1.05,0.079015
166,2,2,0.7,1.04,0.52626
167,0.2,4,1,1.27,0.29288
168,0.2,11,0.1,1.03,0.064031
169,0.2,5,0.07,1.33,0.069674
170,0.2,5,0.07,1.33,0.069674
171,0.2,5,0.07,1.33,0.069674
172,0.2,10,0.07,1.04,0.067245
173,0.2,10,0.07,1.04,0.067245
174,0.5,4,0.5,1.3,0.13682
175,2,2,0.5,1.1,0.53198
176,0.2,10,0.3,1.06,0.074132
177,0.2,4,0.07,1.36,0.077746
178,0.2,4,0.07,1.36,0.077746
179,0.2,20,1,1.11,0.061887
180,0.5,2,0.3,1.09,0.13086
181,0.5,2,0.3,1.15,0.12696
182,0.2,11,0.07,1.08,0.062519
183,0.2,11,0.07,1.08,0.062519
184,1,2,0.3,1.27,0.17565
185,0.2,4,1,1.12,0.27874
186,0.2,18,1,1.15,0.062893
187,0.2,18,1,1.15,0.062893
188,0.2,15,0.7,1.15,0.062285
189,1,2,0.7,1.35,0.11386
190,1,2,0.7,1.35,0.11386
191,1,2,0.7,1.35,0.11386
192,0.5,2,0.7,1.23,0.1245
193,0.5,2,0.7,1.23,0.1245
194,0.5,2,0.7,1.23,0.1245
195,2,2,0.7,1.24,0.43324
196,0.2,15,1,1.25,0.061039
197,0.5,4,0.5,1.27,0.13564
198,1,2,1,1.18,0.15895
199,1,2,1,1.18,0.15895
200,0.2,13,0.7,1.23,0.063299
201,0.2,20,1,1.12,0.061041
202,0.2,13,1,1.09,0.10587
203,0.2,11,0.3,1.05,0.068305
204,0.2,11,0.3,1.05,0.068305
205,0.5,5,1,1.3,0.1193
206,0.2,10,1,1.27,0.096176
207,0.2,13,0.5,1.12,0.061763
208,0.2,13,0.5,1.12,0.061763
209,0.2,13,0.5,1.12,0.061763
210,0.2,11,1,1.12,0.12202
211,0.2,13,1,1.16,0.090266
212,0.2,13,0.7,1.12,0.068491
213,0.2,13,0.7,1.12,0.068491
214,0.2,12,0.7,1.07,0.08367
215,0.2,5,1,1.18,0.24186
216,0.2,15,1,1.29,0.063198
217,0.2,9,0.5,1.18,0.075773
218,0.2,9,0.5,1.18,0.075773
219,0.2,9,0.5,1.18,0.075773
220,0.2,9,0.5,1.18,0.075773
221,0.2,9,0.5,1.18,0.075773
222,0.2,9,0.5,1.18,0.075773
223,0.2,12,1,1.31,0.063818
224,0.2,12,1,1.31,0.063818
225,0.2,9,0.3,1.22,0.06237
226,0.2,9,0.3,1.22,0.06237
227,0.2,12,1,1.21,0.088026
228,0.5,10,1,1.13,0.15362
229,0.5,9,1,1.14,0.14865
230,0.2,11,0.5,1.14,0.066616
231,0.2,12,0.3,1.15,0.063917
232,0.2,11,0.5,1.2,0.062126
233,0.2,11,0.7,1.13,0.081642
234,0.2,12,1,1.21,0.088026
235,0.2,11,0.7,1.22,0.065465
236,0.2,11,0.7,1.22,0.065465
237,0.2,12,0.5,1.19,0.063109
238,0.2,11,0.5,1.22,0.062989
239,0.2,13,1,1.19,0.083298
240,0.2,17,0.7,1.15,0.064311
241,0.2,18,1,1.17,0.060926
242,0.2,18,1,1.17,0.060926
243,0.2,12,0.7,1.18,0.06568
244,0.2,17,1,1.17,0.063677
245,0.2,12,0.5,1.17,0.062307
246,0.2,12,1,1.17,0.097978
247,0.2,18,1,1.17,0.060926
248,0.2,12,0.7,1.22,0.061506
249,0.2,17,1,1.19,0.061393
250,0.2,20,1,1.19,0.063225
251,0.2,20,1,1.18,0.062784
252,0.2,20,1,1.18,0.062784
253,0.2,20,1,1.18,0.062784
254,0.2,13,0.7,1.2,0.061959
255,0.2,18,1,1.18,0.060999
256,0.2,20,1,1.19,0.063225
257,0.2,20,1,1.19,0.063225
258,0.2,20,1,1.19,0.063225
259,0.2,15,1,1.19,0.069223
260,0.2,18,1,1.21,0.062343
261,0.2,17,1,1.19,0.061393
262,0.2,13,0.7,1.21,0.062399
263,0.2,17,1,1.2,0.060885
264,0.2,17,1,1.2,0.060885
265,0.2,18,1,1.21,0.062343
266,0.2,17,1,1.19,0.061393
267,0.2,17,1,1.2,0.060885
268,0.2,17,1,1.2,0.060885
269,0.2,15,0.7,1.19,0.063881
270,0.2,15,1,1.19,0.069223
271,0.2,15,1,1.21,0.065851
272,0.2,18,1,1.19,0.061434
273,0.2,18,1,1.19,0.061434
274,0.2,18,1,1.19,0.061434
275,0.2,17,1,1.19,0.061393
276,0.2,17,1,1.2,0.060885
277,0.2,17,1,1.2,0.060885
278,0.2,17,1,1.2,0.060885
279,0.2,17,1,1.2,0.060885
280,0.2,15,0.7,1.2,0.064314
281,0.2,15,0.7,1.2,0.064314
282,0.2,17,1,1.2,0.060885
283,0.2,17,1,1.2,0.060885
284,0.2,17,1,1.2,0.060885
285,0.2,17,1,1.2,0.060885
286,0.2,17,1,1.2,0.060885
287,0.2,17,1,1.2,0.060885
288,0.2,17,1,1.2,0.060885
289,1,2,0.5,1.1,0.20955
290,0.2,13,1,1.31,0.061697
291,2,2,0.03,1.48,0.24197
292,1,2,0.7,1.35,0.11385
293,1,2,0.7,1.35,0.11385
294,0.2,5,0.03,1.3,0.075103
295,0.2,9,0.03,1.09,0.067767
296,0.2,9,0.03,1.09,0.067767
297,1,2,0.07,1.44,0.10492
298,1,2,0.07,1.44,0.10492
299,1,2,0.07,1.44,0.10492
300,0.2,11,0.07,1.11,0.06342
301,0.2,11,0.07,1.11,0.06342
302,0.2,11,0.07,1.11,0.06342
303,0.2,11,0.07,1.11,0.06342
304,0.5,10,1,1.14,0.15445
305,0.2,2,0.07,1.12,0.2974
306,0.5,4,0.3,1.08,0.14076
307,0.2,4,1,1.06,0.27756
308,1,2,0.3,1.15,0.21327
309,0.5,2,0.7,1.36,0.13957
310,0.2,4,0.1,1.21,0.1374
311,0.2,4,0.07,1.16,0.15004
312,0.2,4,0.07,1.16,0.15004
313,0.5,5,0.5,1.05,0.13931
314,1,2,0.07,1.14,0.2367
315,0.5,4,1,1.25,0.11766
316,0.2,4,0.5,1.26,0.18889
317,0.2,4,0.5,1.26,0.18889
318,0.2,11,0.07,1.04,0.063009
319,0.2,11,0.07,1.04,0.063009
320,0.2,4,0.7,1.22,0.23468
321,0.5,2,0.1,1.19,0.12573
322,0.5,2,0.1,1.19,0.12573
323,0.2,9,1,1.1,0.15592
324,0.2,20,1,1.05,0.068692
325,0.2,2,0.3,1.03,0.30982
326,1,5,1,1.11,0.27838
327,0.2,20,0.7,1.04,0.063111
328,0.2,20,0.7,1.04,0.063111
329,0.2,9,0.5,1.06,0.099735
330,0.5,2,0.5,1.06,0.13069
331,0.2,9,0.5,1.16,0.079681
332,0.5,2,1,1.23,0.12786
333,0.2,12,0.7,1.11,0.07668
334,0.2,12,1,1.35,0.062751
335,0.5,2,0.3,1.32,0.12058
336,1,5,1,1.12,0.2785
337,0.5,4,0.5,1.13,0.1346
338,0.2,9,1,1.09,0.15781
339,0.2,2,0.5,1.07,0.33126
340,0.2,2,0.5,1.07,0.33126
341,0.2,10,0.7,1.14,0.090238
342,0.2,11,1,1.13,0.11966
343,0.2,11,1,1.13,0.11966
344,0.2,9,0.1,1.1,0.068766
345,1,4,0.7,1.2,0.28399
346,0.2,4,1,1.14,0.27946
347,1,4,0.7,1.32,0.27495
348,0.2,10,0.7,1.26,0.065248
349,0.2,13,0.3,1.09,0.06317
350,0.2,13,0.3,1.09,0.06317
351,0.2,13,0.3,1.09,0.06317
352,0.2,9,1,1.25,0.11983
353,0.2,9,1,1.25,0.11983
354,0.2,10,0.3,1.23,0.064243
355,0.2,17,1,1.07,0.079289
356,0.2,5,0.1,1.18,0.11419
357,0.2,10,0.5,1.23,0.061907
358,0.2,4,1,1.09,0.27803
359,1,4,1,1.31,0.21703
360,1,4,1,1.22,0.23797
361,0.2,10,0.1,1.13,0.0623
362,0.2,10,0.1,1.13,0.0623
363,0.2,10,0.1,1.13,0.0623
364,0.2,12,1,1.15,0.10292
365,0.2,17,1,1.18,0.062488
366,0.2,17,1,1.18,0.062488
367,0.2,10,1,1.09,0.14222
368,0.2,10,1,1.09,0.14222
369,0.2,4,0.1,1.29,0.10783
370,0.2,13,0.3,1.07,0.062566
371,0.2,9,1,1.12,0.152
372,0.2,9,1,1.12,0.152
373,0.2,10,1,1.12,0.13599
374,0.2,10,1,1.18,0.12183
375,0.2,13,0.7,1.24,0.063772
376,0.2,13,0.7,1.24,0.063772
377,0.2,10,0.5,1.22,0.062653
378,0.2,10,0.5,1.22,0.062653
379,0.2,10,0.5,1.22,0.062653
380,0.2,12,0.7,1.21,0.062155
381,0.2,20,1,1.15,0.061552
382,0.2,17,1,1.26,0.063773
383,0.2,17,1,1.14,0.067779
384,0.2,11,0.5,1.18,0.062544
385,0.2,11,1,1.16,0.11265
386,0.2,13,1,1.15,0.092533
387,0.2,17,1,1.16,0.064948
388,0.2,15,1,1.23,0.062889
389,0.2,15,1,1.23,0.062889
390,0.2,18,1,1.19,0.061434
391,0.2,13,0.7,1.15,0.064694
392,0.2,12,0.5,1.21,0.063951
393,0.2,12,1,1.19,0.093095
394,0.2,15,0.7,1.18,0.063467
395,0.2,15,0.7,1.17,0.063086
396,0.2,13,0.7,1.17,0.062546
397,0.2,13,1,1.17,0.087954
398,0.2,13,0.7,1.19,0.06153
399,0.2,15,0.7,1.17,0.063086
400,0.2,13,1,1.2,0.080981
401,0.2,13,1,1.22,0.07635
402,0.2,13,0.7,1.22,0.062849
403,0.2,13,0.7,1.22,0.062849
404,0.2,15,0.7,1.2,0.064314
405,0.2,20,1,1.18,0.062784
406,0.2,18,1,1.21,0.062343
407,0.2,17,1,1.21,0.061338
408,0.2,15,1,1.21,0.065851
409,0.2,18,1,1.19,0.061434
410,0.2,18,1,1.19,0.061434
411,0.2,18,1,1.19,0.061434
412,0.2,18,1,1.19,0.061434
413,0.2,17,1,1.2,0.060885
414,0.2,17,1,1.2,0.060885
415,0.2,17,1,1.2,0.060885
416,0.2,15,1,1.21,0.065851
417,0.2,15,1,1.21,0.065851
418,0.2,15,1,1.21,0.065851
419,0.2,17,1,1.2,0.060885
420,0.2,18,1,1.19,0.061434
421,0.2,18,1,1.19,0.061434
422,0.2,17,1,1.2,0.060885
423,0.2,17,1,1.2,0.060885
424,0.2,18,1,1.2,0.061889
425,0.2,15,0.7,1.2,0.064314
426,0.2,15,0.7,1.2,0.064314
427,0.2,15,0.7,1.2,0.064314
428,0.2,15,0.7,1.2,0.064314
429,0.5,11,1,1.03,0.15086
430,0.2,2,0.03,1.05,0.2865
431,0.2,5,1,1.1,0.24513
432,2,2,0.03,1.28,0.51542
433,1,2,1,1.1,0.17875
434,0.2,13,0.7,1.06,0.077426
435,1,4,1,1.16,0.24591
436,0.2,5,0.05,1.22,0.098918
437,0.2,15,0.5,1.04,0.061486
438,0.2,15,0.5,1.04,0.061486
439,0.2,9,0.3,1.02,0.090272
440,0.2,9,0.3,1.02,0.090272
441,0.2,9,0.5,1.27,0.06213
442,0.2,5,0.7,1.39,0.1367
443,0.5,2,0.3,1.05,0.13333
444,0.5,2,0.3,1.05,0.13333
445,0.2,17,0.7,1.15,0.064311
446,1,2,0.7,1.14,0.18694
447,0.2,9,0.1,1.08,0.070995
448,0.2,9,0.1,1.08,0.070995
449,0.2,15,1,1.04,0.098435
450,0.2,15,1,1.04,0.098435
451,0.2,15,1,1.04,0.098435
452,0.2,15,1,1.04,0.098435
453,0.2,11,0.5,1.15,0.065454
454,0.2,11,0.5,1.15,0.065454
455,0.2,11,0.5,1.11,0.070494
456,0.2,11,0.5,1.11,0.070494
457,0.2,2,0.5,1.11,0.33807
458,0.2,9,0.07,1.17,0.062691
459,0.2,9,0.07,1.17,0.062691
460,0.2,9,0.07,1.17,0.062691
461,0.2,9,0.1,1.16,0.063533
462,1,2,0.5,1.04,0.22069
463,0.5,4,1,1.24,0.11816
464,0.2,12,0.3,1.09,0.061906
465,2,2,0.5,1.26,0.44725
466,0.2,2,0.1,1.14,0.30379
467,0.2,4,0.7,1.11,0.24067
468,0.2,4,0.7,1.11,0.24067
469,0.2,5,1,1.28,0.24145
470,0.5,2,0.5,1.3,0.1231
471,0.5,2,0.5,1.3,0.1231
472,0.5,2,0.5,1.3,0.1231
473,0.5,5,1,1.32,0.11829
474,0.2,9,0.1,1.05,0.074563
475,0.2,9,0.1,1.05,0.074563
476,1,2,0.1,1.2,0.21744
477,1,2,0.1,1.2,0.21744
478,0.2,2,0.5,1.14,0.34425
479,0.2,10,1,1.05,0.14993
480,0.2,11,0.7,1.16,0.075825
481,0.2,9,0.5,1.26,0.06281
482,0.2,9,0.5,1.26,0.06281
483,0.2,9,0.5,1.26,0.06281
484,0.2,9,0.5,1.26,0.06281
485,0.2,9,0.5,1.26,0.06281
486,0.2,5,0.3,1.26,0.10748
487,0.2,5,0.3,1.26,0.10748
488,0.2,10,0.7,1.15,0.088
489,0.5,5,0.7,1.3,0.14243
490,0.2,10,0.5,1.18,0.067429
491,0.2,10,0.5,1.18,0.067429
492,0.2,10,0.5,1.18,0.067429
493,0.2,5,0.1,1.2,0.10837
494,0.5,4,0.5,1.08,0.13455
495,0.2,9,0.1,1.18,0.062487
496,0.2,9,0.1,1.18,0.062487
497,0.2,13,0.5,1.14,0.062464
498,0.5,5,0.5,1.14,0.1447
499,0.5,5,1,1.18,0.12329
500,0.2,9,0.1,1.09,0.069851
501,0.2,11,0.3,1.12,0.062506
502,0.2,9,1,1.24,0.12278
503,0.2,12,0.7,1.14,0.071639
504,0.2,5,0.7,1.26,0.17543
505,0.2,10,0.5,1.16,0.070374
506,0.5,10,1,1.11,0.15199
507,0.2,5,0.5,1.15,0.1667
508,0.2,13,1,1.3,0.0611
509,0.2,13,1,1.3,0.0611
510,0.2,13,1,1.3,0.0611
511,0.2,11,0.5,1.13,0.067855
512,0.2,11,0.5,1.13,0.067855
513,0.2,11,0.5,1.13,0.067855
514,0.2,10,0.5,1.27,0.06385
515,0.2,10,0.5,1.27,0.06385
516,0.2,15,1,1.16,0.074737
517,0.2,12,1,1.24,0.080329
518,0.2,18,1,1.23,0.06326
519,0.2,15,0.7,1.16,0.062686
520,0.2,15,0.7,1.16,0.062686
521,0.2,12,0.5,1.15,0.061707
522,0.2,13,0.5,1.18,0.06399
523,0.2,12,0.5,1.17,0.062307
524,0.2,12,0.7,1.19,0.064384
525,0.2,12,0.5,1.2,0.063529
526,0.2,12,0.5,1.16,0.061929
527,0.2,12,0.5,1.16,0.061929
528,0.2,15,1,1.23,0.062889
529,0.2,15,1,1.23,0.062889
530,0.2,13,0.7,1.21,0.062399
531,0.2,18,1,1.19,0.061434
532,0.2,18,1,1.19,0.061434
533,0.2,18,1,1.2,0.061889
534,0.2,13,1,1.17,0.087954
535,0.2,17,1,1.21,0.061338
536,0.2,17,1,1.21,0.061338
537,0.2,17,1,1.21,0.061338
538,0.2,15,0.7,1.18,0.063467
539,0.2,15,1,1.22,0.064339
540,0.2,13,0.7,1.22,0.062849
541,0.2,15,0.7,1.2,0.064314
542,0.2,15,0.7,1.2,0.064314
543,0.2,15,0.7,1.2,0.064314
544,0.2,17,1,1.21,0.061338
545,0.2,17,1,1.21,0.061338
546,0.2,17,1,1.21,0.061338
547,0.2,18,1,1.19,0.061434
548,0.2,17,1,1.2,0.060885
549,0.2,18,1,1.2,0.061889
550,0.2,18,1,1.2,0.061889
551,0.2,18,1,1.21,0.062343
552,0.2,17,1,1.2,0.060885
553,0.2,17,1,1.2,0.060885
554,0.2,15,0.7,1.2,0.064314
555,0.2,15,0.7,1.2,0.064314
556,0.2,15,0.7,1.19,0.063881
557,0.2,18,1,1.2,0.061889
558,0.2,18,1,1.2,0.061889
559,0.2,15,0.7,1.2,0.064314
560,0.2,17,1,1.2,0.060885
561,0.2,17,1,1.2,0.060885
562,0.2,15,0.7,1.19,0.063881
563,0.2,15,1,1.19,0.069223
564,0.2,18,1,1.2,0.061889
565,0.2,18,1,1.2,0.061889
566,0.2,18,1,1.2,0.061889
567,2,2,0.3,1.25,0.48599
568,5,2,0.7,1.52,0.46516
569,0.2,9,0.03,1.12,0.065201
570,0.2,9,0.03,1.12,0.065201
571,0.2,13,1,1.32,0.062316
572,0.2,13,1,1.32,0.062316
573,0.2,13,1,1.32,0.062316
574,0.2,13,1,1.32,0.062316
575,0.2,13,1,1.32,0.062316
576,0.2,13,1,1.32,0.062316
577,0.2,13,1,1.32,0.062316
578,0.2,13,1,1.32,0.062316
579,0.2,13,1,1.32,0.062316
580,0.2,5,0.05,1.01,0.15006
581,0.2,9,0.03,1.04,0.072921
582,0.2,9,0.03,1.04,0.072921
583,1,4,0.7,1.41,0.2498
584,1,4,0.7,1.41,0.2498
585,0.5,4,0.1,1.01,0.14455
586,0.2,11,1,1.17,0.11013
587,0.2,11,0.05,1.04,0.062737
588,0.2,11,0.05,1.04,0.062737
589,0.2,2,0.5,1.15,0.34656
590,0.2,10,0.05,1.11,0.062508
591,0.2,10,0.05,1.11,0.062508
592,0.2,10,0.05,1.11,0.062508
593,0.2,10,0.05,1.11,0.062508
594,0.2,4,0.5,1.11,0.2135
595,1,2,0.7,1.26,0.15078
596,0.5,2,0.3,1.25,0.1216
597,0.2,9,0.5,1.29,0.063212
598,0.2,9,0.5,1.29,0.063212
599,0.2,9,0.5,1.29,0.063212
600,0.2,9,0.5,1.29,0.063212
601,0.2,9,0.5,1.29,0.063212
602,0.2,9,0.5,1.29,0.063212
603,0.2,9,0.5,1.29,0.063212
604,0.2,9,0.5,1.29,0.063212
605,0.2,9,0.5,1.29,0.063212
606,0.2,9,0.5,1.29,0.063212
607,0.2,9,0.7,1.08,0.11715
608,0.2,13,1,1.29,0.062263
609,0.2,13,1,1.29,0.062263
610,0.2,13,1,1.29,0.062263
611,0.2,12,0.1,1.07,0.063326
612,0.2,9,0.3,1.06,0.08387
613,0.2,9,0.3,1.06,0.08387
614,0.2,12,0.3,1.15,0.063917
615,0.2,13,1,1.1,0.10374
616,1,2,1,1.07,0.18491
617,0.5,5,1,1.26,0.12087
618,1,5,1,1.26,0.2749
619,0.2,9,1,1.21,0.13114
620,0.2,12,1,1.26,0.07526
621,1,2,0.7,1.29,0.13951
622,1,2,0.7,1.29,0.13951
623,0.2,15,1,1.24,0.061619
624,0.2,15,1,1.24,0.061619
625,0.2,15,1,1.24,0.061619
626,0.2,15,1,1.24,0.061619
627,0.2,15,1,1.24,0.061619
628,0.2,15,1,1.24,0.061619
629,0.2,4,0.5,1.24,0.19261
630,0.2,4,0.7,1.1,0.24131
631,0.2,5,1,1.27,0.24119
632,0.5,5,0.5,1.11,0.1427
633,0.2,11,0.1,1.11,0.063157
634,0.2,11,0.1,1.11,0.063157
635,0.5,4,1,1.14,0.12223
636,0.2,11,0.7,1.2,0.068602
637,1,4,1,1.15,0.24701
638,0.2,5,0.1,1.32,0.072863
639,0.2,5,0.1,1.32,0.072863
640,0.2,11,0.7,1.11,0.085544
641,0.2,11,0.7,1.11,0.085544
642,0.2,11,0.7,1.11,0.085544
643,0.2,20,1,1.13,0.060743
644,0.2,20,1,1.13,0.060743
645,0.2,20,1,1.13,0.060743
646,0.2,20,1,1.13,0.060743
647,0.2,20,1,1.13,0.060743
648,0.2,18,0.7,1.05,0.06176
649,0.2,18,0.7,1.05,0.06176
650,0.2,18,0.7,1.05,0.06176
651,0.2,18,0.7,1.05,0.06176
652,0.5,11,1,1.06,0.15307
653,0.2,15,0.5,1.03,0.061361
654,0.2,15,0.5,1.03,0.061361
655,0.2,15,0.5,1.03,0.061361
656,0.2,11,1,1.09,0.12857
657,0.2,13,0.7,1.06,0.077426
658,0.2,13,0.5,1.11,0.061563
659,0.2,13,1,1.13,0.097044
660,0.2,12,0.7,1.06,0.085432
661,0.2,12,1,1.1,0.11438
662,0.2,13,0.7,1.1,0.071333
663,0.2,20,1,1.08,0.064977
664,0.2,15,1,1.14,0.078665
665,0.2,15,1,1.12,0.082614
666,0.2,15,0.7,1.09,0.06331
667,0.2,20,1,1.09,0.063874
668,0.2,18,1,1.14,0.064079
669,0.2,20,1,1.1,0.062809
670,0.2,20,1,1.1,0.062809
671,0.2,20,1,1.1,0.062809
672,0.2,20,1,1.1,0.062809
673,0.2,15,0.7,1.12,0.061163
674,0.2,15,0.7,1.13,0.061529
675,0.2,20,1,1.12,0.061041
676,0.2,17,1,1.14,0.067779
677,0.2,17,0.7,1.12,0.063195
678,0.2,17,1,1.15,0.066307
679,0.2,17,1,1.15,0.066307
680,0.2,18,1,1.12,0.066639
681,0.2,20,1,1.15,0.061552
682,0.2,20,1,1.15,0.061552
683,0.2,20,1,1.14,0.061149
684,0.2,17,0.7,1.11,0.062859
685,0.2,17,1,1.11,0.072461
686,0.2,18,0.7,1.12,0.064114
687,0.2,17,1,1.13,0.069276
688,0.2,18,0.7,1.12,0.064114
689,0.2,18,1,1.12,0.066639
690,0.2,18,1,1.14,0.064079
691,0.2,20,1,1.14,0.061149
692,0.2,18,1,1.12,0.066639
693,0.2,20,1,1.14,0.061149
694,0.2,20,1,1.14,0.061149
695,0.2,20,1,1.15,0.061552
696,0.2,20,1,1.13,0.060743
697,0.2,20,1,1.12,0.061041
698,0.2,20,1,1.12,0.061041
699,0.2,20,1,1.12,0.061041
700,0.2,20,1,1.13,0.060743
701,0.2,20,1,1.13,0.060743
702,0.2,20,1,1.13,0.060743
703,0.2,20,1,1.13,0.060743
704,0.2,20,1,1.13,0.060743
705,0.2,20,1,1.13,0.060743
706,0.2,18,1,1.14,0.064079
707,0.2,20,1,1.13,0.060743
708,0.2,18,1,1.14,0.064079
709,0.2,18,1,1.13,0.065307
710,0.2,18,1,1.13,0.065307
711,0.2,18,1,1.13,0.065307
712,0.2,20,1,1.13,0.060743
713,0.2,20,1,1.13,0.060743
714,0.2,20,1,1.13,0.060743
715,5,2,0.005,1.55,0.25244
716,1,2,0.03,1.25,0.20806
717,1,2,0.03,1.25,0.20806
718,0.2,10,0.007,1.11,0.062454
719,0.2,10,0.007,1.11,0.062454
720,0.2,10,0.007,1.11,0.062454
721,0.2,10,0.007,1.11,0.062454
722,0.2,10,0.007,1.11,0.062454
723,0.2,5,0.1,1.36,0.065499
724,0.2,5,0.1,1.36,0.065499
725,0.2,11,0.03,1.03,0.062887
726,0.2,11,0.03,1.03,0.062887
727,1,2,0.3,1.37,0.13024
728,1,2,0.3,1.37,0.13024
729,0.2,12,0.05,1,0.061973
730,0.2,12,0.05,1,0.061973
731,0.2,9,0.3,1.23,0.062581
732,0.2,9,0.3,1.23,0.062581
733,0.2,9,0.3,1.23,0.062581
734,0.2,9,0.3,1.23,0.062581
735,0.2,10,0.1,1.01,0.070937
736,0.2,20,1,1.06,0.067433
737,0.2,5,1,1.16,0.24266
738,0.2,9,0.1,1.13,0.065823
739,0.2,12,1,1.02,0.13043
740,0.2,11,1,1.1,0.12645
741,0.2,12,0.5,1.12,0.06399
742,0.2,12,0.5,1.12,0.06399
743,0.2,12,0.5,1.12,0.06399
744,0.2,13,1,1.14,0.094767
745,0.2,4,0.01,1.35,0.077936
746,0.2,4,0.01,1.35,0.077936
747,0.2,4,0.01,1.35,0.077936
748,0.2,12,0.07,1.07,0.063601
749,1,2,0.5,1.38,0.11088
750,0.5,2,0.05,1.14,0.13053
751,0.2,10,0.07,1.06,0.065679
752,0.2,10,0.07,1.06,0.065679
753,0.2,10,0.07,1.06,0.065679
754,0.2,11,0.7,1.24,0.062788
755,0.2,11,0.7,1.24,0.062788
756,0.2,11,0.7,1.24,0.062788
757,0.2,11,0.7,1.24,0.062788
758,0.2,11,0.7,1.24,0.062788
759,0.5,2,1,1.2,0.12687
760,0.5,2,1,1.2,0.12687
761,0.2,10,1,1.2,0.11668
762,0.2,13,0.7,1.02,0.083795
763,0.5,2,0.5,1.29,0.12286
764,0.5,2,0.5,1.29,0.12286
765,0.5,2,0.5,1.29,0.12286
766,1,2,0.7,1.19,0.17353
767,0.2,4,0.3,1.2,0.16596
768,0.5,5,1,1.02,0.12583
769,0.2,12,0.1,1.01,0.06204
770,0.2,10,1,1.19,0.11926
771,0.2,9,1,1.02,0.16959
772,0.2,9,1,1.02,0.16959
773,0.2,11,1,1.3,0.074266
774,0.2,11,1,1.3,0.074266
775,0.2,10,0.7,1.11,0.096732
776,0.2,5,0.3,1.25,0.11096
777,0.2,5,0.5,1.03,0.18977
778,0.2,10,0.1,1.03,0.069041
779,0.2,10,0.1,1.03,0.069041
780,0.2,10,0.1,1.03,0.069041
781,0.2,10,0.1,1.03,0.069041
782,0.2,10,0.1,1.03,0.069041
783,0.2,11,0.7,1.05,0.097196
784,0.2,12,0.07,1.06,0.06332
785,0.2,12,0.07,1.06,0.06332
786,0.2,12,0.07,1.06,0.06332
787,0.2,9,0.3,1.26,0.063998
788,0.2,11,0.1,1.06,0.062541
789,0.2,13,1,1.03,0.11815
790,0.2,10,1,1.23,0.10833
791,0.2,10,1,1.23,0.10833
792,0.2,9,1,1.01,0.17111
793,0.5,5,1,1.03,0.12584
794,0.5,5,1,1.03,0.12584
795,0.2,11,0.1,1.07,0.062148
796,0.2,11,0.7,1.26,0.061969
797,0.2,11,0.7,1.26,0.061969
798,0.5,5,0.7,1.27,0.14034
799,0.2,10,0.7,1.25,0.066954
800,0.2,9,0.7,1.07,0.11931
801,0.5,9,1,1.12,0.14722
802,0.2,18,1,1.24,0.063747
803,0.2,18,1,1.24,0.063747
804,0.2,30,1,1.03,0.063692
805,0.2,12,0.1,1.03,0.062248
806,0.2,11,0.3,1.04,0.069322
807,0.2,12,1,1.09,0.11652
808,0.2,13,0.7,1.13,0.067153
809,0.2,13,0.7,1.13,0.067153
810,0.2,15,0.3,1.01,0.063135
811,0.2,13,0.3,1.06,0.062271
812,0.2,15,0.7,1.14,0.061904
813,0.2,15,0.7,1.14,0.061904
814,0.2,9,0.3,1.19,0.064946
815,0.2,11,0.1,1.02,0.064612
816,0.2,18,0.7,1.02,0.060984
817,0.2,18,0.7,1.02,0.060984
818,0.2,18,0.7,1.02,0.060984
819,0.2,18,0.7,1.02,0.060984
820,0.2,11,0.3,1.19,0.064047
821,0.5,9,1,1.04,0.14218
822,0.2,10,0.7,1.04,0.1111
823,0.2,13,1,1.26,0.067664
824,0.2,10,0.3,1.19,0.062564
825,0.2,13,0.3,1.03,0.061886
826,0.2,20,1,1.04,0.070007
827,0.2,18,0.7,1.03,0.061127
828,0.2,18,0.7,1.03,0.061127
829,0.2,12,0.3,1.13,0.063219
830,0.2,12,0.3,1.13,0.063219
831,0.2,12,0.3,1.13,0.063219
832,0.2,20,0.7,1.07,0.064085
833,0.2,13,0.5,1.1,0.062184
834,0.2,13,0.5,1.08,0.06363
835,0.2,15,1,1.14,0.078665
836,0.2,18,1,1.1,0.069448
837,0.2,13,0.7,1.14,0.065879
838,0.2,17,0.7,1.09,0.062162
839,0.2,15,0.5,1.11,0.063693
840,0.2,18,1,1.08,0.07247
841,0.2,15,0.5,1.09,0.063029
842,0.2,17,1,1.1,0.074152
843,0.2,17,0.7,1.12,0.063195
844,0.2,17,0.7,1.12,0.063195
845,0.2,18,1,1.09,0.070928
846,0.2,17,0.7,1.1,0.062505
847,0.2,17,0.7,1.1,0.062505
848,0.2,15,0.7,1.1,0.062484
849,0.2,15,0.7,1.1,0.062484
850,0.2,17,1,1.12,0.070843
851,0.2,17,1,1.17,0.063677
852,0.2,17,1,1.17,0.063677
853,0.2,18,1,1.16,0.061867
854,0.2,20,1,1.12,0.061041
855,0.2,20,1,1.12,0.061041
856,0.2,20,1,1.12,0.061041
857,0.2,17,0.7,1.13,0.063558
858,0.2,17,0.7,1.13,0.063558
859,0.2,17,0.7,1.14,0.063933
860,0.2,20,1,1.12,0.061041
861,0.2,17,0.7,1.15,0.064311
862,0.2,18,1,1.15,0.062893
863,0.2,20,1,1.12,0.061041
864,0.2,20,1,1.12,0.061041
865,0.2,20,1,1.12,0.061041
866,0.2,20,1,1.13,0.060743
867,0.2,20,1,1.13,0.060743
868,0.2,20,1,1.13,0.060743
869,0.2,18,1,1.12,0.066639
870,0.2,20,1,1.13,0.060743
871,0.2,18,0.7,1.12,0.064114
872,0.2,20,1,1.15,0.061552
873,0.2,20,1,1.13,0.060743
874,0.2,20,1,1.13,0.060743
875,0.2,18,1,1.14,0.064079
876,0.2,20,1,1.13,0.060743
877,0.2,20,1,1.14,0.061149
878,0.2,20,1,1.14,0.061149
879,0.2,18,1,1.13,0.065307
880,0.2,20,1,1.13,0.060743
881,0.2,20,1,1.13,0.060743
882,0.2,20,1,1.13,0.060743
883,0.2,20,1,1.13,0.060743
884,0.2,20,1,1.13,0.060743
885,0.2,20,1,1.13,0.060743
886,0.2,20,1,1.13,0.060743
887,0.2,20,1,1.13,0.060743
888,0.2,20,1,1.13,0.060743
889,0.2,4,0.05,1.09,0.16655
890,0.2,4,0.05,1.09,0.16655
891,0.5,2,0.01,1.23,0.1233
892,0.2,11,0.03,1.09,0.063157
893,0.2,11,0.03,1.09,0.063157
894,0.2,11,0.03,1.09,0.063157
895,0.2,11,0.03,1.09,0.063157
896,0.2,11,0.03,1.09,0.063157
897,0.2,11,0.03,1.09,0.063157
898,0.2,11,0.03,1.09,0.063157
899,0.2,10,0.3,1.01,0.080853
900,1,2,0.07,1.04,0.25671
901,0.2,5,0.03,1.12,0.12491
902,0.2,11,0.03,1.1,0.063456
903,0.2,9,1,1.32,0.096399
904,0.2,5,0.7,1.24,0.17984
905,0.5,4,0.7,1.15,0.12774
906,1,2,0.05,1.22,0.21621
907,0.2,4,0.07,1.27,0.11276
908,0.2,5,0.07,1.28,0.082289
909,0.2,9,0.07,1.01,0.0781
910,0.2,9,0.07,1.01,0.0781
911,0.5,4,0.5,1.31,0.13722
912,0.2,13,1,1.25,0.069757
913,0.5,2,0.5,1.21,0.12371
914,0.5,2,1,1.04,0.1294
915,0.5,5,1,1.22,0.1223
916,0.2,9,0.07,1.13,0.065187
917,0.5,4,1,1.13,0.1226
918,0.2,10,0.5,1.25,0.062852
919,0.2,10,0.5,1.25,0.062852
920,0.5,4,0.5,1.27,0.13564
921,0.5,5,0.07,1.01,0.15225
922,0.2,5,0.7,1.12,0.20108
923,0.2,11,0.7,1.01,0.10461
924,0.2,11,0.7,1.01,0.10461
925,0.2,11,0.7,1.01,0.10461
926,0.5,5,0.7,1.23,0.13793
927,0.2,18,0.7,1.04,0.061441
928,0.2,18,0.7,1.04,0.061441
929,0.2,10,0.7,1.06,0.1072
930,0.2,9,0.1,1.22,0.06401
931,0.2,9,0.1,1.22,0.06401
932,0.2,5,0.07,1.14,0.12283
933,0.2,5,0.1,1.19,0.1113
934,0.5,10,1,1.15,0.15533
935,0.2,5,0.7,1.09,0.20545
936,0.2,9,0.7,1.04,0.12534
937,0.5,9,1,1.05,0.14277
938,0.2,13,0.5,1.17,0.063593
939,0.2,13,0.5,1.17,0.063593
940,0.2,13,0.5,1.17,0.063593
941,0.2,12,1,1.14,0.10528
942,0.2,12,1,1.14,0.10528
943,0.2,12,0.7,1.24,0.062444
944,0.2,9,1,1.08,0.1596
945,0.2,13,0.7,1.04,0.080604
946,0.2,13,0.7,1.04,0.080604
947,0.2,11,0.7,1.12,0.083601
948,0.2,11,0.7,1.12,0.083601
949,0.2,10,0.3,1.07,0.072832
950,0.2,18,0.7,1.07,0.062412
951,0.2,10,0.3,1.09,0.070281
952,0.2,10,0.3,1.09,0.070281
953,0.2,10,0.3,1.22,0.063803
954,0.2,10,0.3,1.22,0.063803
955,0.2,10,0.3,1.22,0.063803
956,0.2,13,0.3,1.06,0.062271
957,0.2,13,0.3,1.06,0.062271
958,0.2,12,0.1,1.04,0.062511
959,0.2,12,0.1,1.04,0.062511
960,0.2,12,0.1,1.04,0.062511
961,0.5,10,1,1.07,0.14905
962,0.2,13,0.5,1.04,0.06728
963,0.2,11,0.7,1.04,0.099106
964,0.2,10,0.5,1.07,0.085681
965,0.2,11,0.1,1.1,0.062847
966,0.2,10,0.1,1.04,0.068138
967,0.2,12,0.3,1.12,0.06288
968,0.5,11,1,1.04,0.15161
969,0.2,11,0.3,1.18,0.063666
970,0.2,9,0.5,1.08,0.095816
971,0.2,13,0.3,1.01,0.062838
972,0.2,13,0.3,1.01,0.062838
973,0.2,10,0.7,1.13,0.092448
974,0.2,30,1,1.02,0.063347
975,0.2,30,1,1.02,0.063347
976,0.2,30,1,1.02,0.063347
977,0.2,13,1,1.05,0.11421
978,0.2,12,0.5,1.08,0.068148
979,0.2,12,0.5,1.08,0.068148
980,0.2,20,1,1.1,0.062809
981,0.2,20,1,1.1,0.062809
982,0.2,13,0.7,1.17,0.062546
983,0.2,13,0.7,1.17,0.062546
984,0.2,15,0.5,1.07,0.062414
985,0.2,15,0.7,1.14,0.061904
986,0.2,17,1,1.09,0.075776
987,0.2,18,1,1.08,0.07247
988,0.2,13,0.5,1.19,0.06441
989,0.2,15,1,1.15,0.076676
990,0.2,20,1,1.17,0.062383
991,0.2,17,1,1.16,0.064948
992,0.2,15,0.5,1.1,0.063361
993,0.2,15,0.5,1.1,0.063361
994,0.2,15,0.5,1.1,0.063361
995,0.2,17,1,1.15,0.066307
996,0.2,17,1,1.12,0.070843
997,0.2,20,1,1.11,0.061887
998,0.2,20,1,1.11,0.061887
999,0.2,17,0.7,1.14,0.063933
1000,0.2,17,0.7,1.14,0.063933
1001,0.2,17,1,1.13,0.069276
1002,0.2,17,1,1.15,0.066307
1003,0.2,17,0.7,1.15,0.064311
1004,0.2,20,1,1.15,0.061552
1005,0.2,20,1,1.15,0.061552
1006,0.2,20,1,1.14,0.061149
1007,0.2,20,1,1.14,0.061149
1008,0.2,20,1,1.14,0.061149
1009,0.2,17,1,1.15,0.066307
1010,0.2,17,1,1.15,0.066307
1011,0.2,18,0.7,1.12,0.064114
1012,0.2,18,0.7,1.12,0.064114
1013,0.2,20,1,1.14,0.061149
1014,0.2,18,0.7,1.12,0.064114
1015,0.2,18,1,1.14,0.064079
1016,0.2,18,1,1.14,0.064079
1017,0.2,20,1,1.13,0.060743
1018,0.2,20,1,1.13,0.060743
1019,0.2,18,1,1.14,0.064079
1020,0.2,18,1,1.14,0.064079
1021,0.2,20,1,1.14,0.061149
1022,0.2,20,1,1.14,0.061149
1023,0.2,20,1,1.13,0.060743
1024,0.2,20,1,1.13,0.060743
1025,0.2,18,1,1.14,0.064079
1026,0.2,18,1,1.14,0.064079
1027,0.2,18,1,1.13,0.065307
1028,0.2,20,1,1.13,0.060743
1029,0.2,20,1,1.13,0.060743
1030,0.2,20,1,1.13,0.060743
1031,0.2,18,1,1.13,0.065307
1032,0.2,18,1,1.14,0.064079
1033,0.2,18,1,1.14,0.064079
1034,0.2,18,1,1.14,0.064079
1035,0.2,5,0.02,1.18,0.10837
1036,0.2,5,0.02,1.18,0.10837
1037,0.2,5,0.02,1.18,0.10837
1038,0.2,9,0.05,1.16,0.062992
1039,0.2,4,0.1,1.2,0.1407
1040,0.2,4,0.1,1.2,0.1407
1041,0.2,4,0.1,1.2,0.1407
1042,0.2,30,1,1.01,0.062993
1043,1,4,1,1.4,0.17792
1044,1,4,1,1.4,0.17792
1045,0.2,11,0.1,1.1,0.062847
1046,0.2,11,0.1,1.1,0.062847
1047,0.5,4,0.03,1,0.14587
1048,0.2,5,0.03,1.08,0.13436
1049,0.2,11,1,1.12,0.12202
1050,0.2,12,0.7,1.03,0.090673
1051,0.2,12,0.7,1.03,0.090673
1052,0.5,2,0.3,1.13,0.12824
1053,0.2,20,0.7,1.05,0.063433
1054,0.5,2,0.07,1.03,0.13922
1055,0.5,2,0.07,1.03,0.13922
1056,1,4,1,1.29,0.22284
1057,0.2,4,0.1,1.16,0.15291
1058,0.5,2,0.3,1.14,0.12759
1059,0.2,5,0.07,1.04,0.14586
1060,0.5,4,1,1.23,0.1186
1061,0.5,4,1,1.23,0.1186
1062,0.5,4,1,1.23,0.1186
1063,0.5,4,0.07,1.07,0.14752
1064,0.5,4,0.07,1.07,0.14752
1065,0.2,10,0.3,1.14,0.064838
1066,0.2,15,1,1.07,0.092552
1067,0.2,20,0.7,1.04,0.063111
1068,0.2,20,0.7,1.04,0.063111
1069,0.2,20,0.7,1.04,0.063111
1070,0.2,20,0.7,1.04,0.063111
1071,0.2,20,0.7,1.04,0.063111
1072,0.2,20,0.7,1.04,0.063111
1073,0.2,17,0.5,1.02,0.062877
1074,0.2,5,1,1.08,0.24605
1075,1,5,1,1.29,0.27243
1076,0.2,5,0.1,1.24,0.096237
1077,0.2,9,0.5,1.22,0.068454
1078,0.2,9,0.5,1.22,0.068454
1079,0.2,9,0.5,1.22,0.068454
1080,0.2,10,1,1.08,0.1442
1081,0.2,10,0.1,1.11,0.063045
1082,0.2,10,0.1,1.11,0.063045
1083,0.2,11,0.1,1.05,0.062989
1084,0.2,17,0.5,1.06,0.064067
1085,0.2,9,1,1.07,0.16139
1086,0.2,9,1,1.07,0.16139
1087,0.2,12,0.5,1.02,0.075663
1088,0.2,10,0.7,1.03,0.1131
1089,0.2,12,0.1,1.05,0.062777
1090,0.2,12,0.1,1.05,0.062777
1091,0.2,11,0.3,1.03,0.070367
1092,0.2,9,0.3,1.13,0.072805
1093,0.2,9,0.3,1.13,0.072805
1094,0.2,10,0.3,1.21,0.063382
1095,0.2,10,0.3,1.21,0.063382
1096,0.2,10,0.3,1.21,0.063382
1097,0.2,12,0.5,1.02,0.075663
1098,0.2,11,0.7,1.23,0.064042
1099,0.2,9,0.3,1.16,0.068541
1100,0.2,9,0.3,1.16,0.068541
1101,0.5,9,1,1.14,0.14865
1102,0.2,13,0.3,1.05,0.061978
1103,0.2,13,0.3,1.05,0.061978
1104,0.2,15,1,1.06,0.094505
1105,0.2,11,1,1.26,0.085677
1106,0.2,20,0.7,1.02,0.06249
1107,0.2,20,0.7,1.02,0.06249
1108,0.2,20,0.7,1.02,0.06249
1109,0.2,13,0.5,1.01,0.070467
1110,0.2,13,0.5,1.01,0.070467
1111,0.2,15,1,1.06,0.094536
1112,0.2,13,0.3,1.08,0.062862
1113,0.2,13,0.3,1.08,0.062862
1114,0.2,13,0.3,1.08,0.062862
1115,0.2,11,1,1.24,0.091331
1116,0.2,10,0.7,1.22,0.072758
1117,0.2,10,0.1,1.16,0.063326
1118,0.2,10,0.1,1.16,0.063326
1119,0.2,11,1,1.07,0.13266
1120,0.2,17,0.7,1.02,0.06318
1121,0.2,17,0.7,1.02,0.06318
1122,0.2,12,0.7,1.21,0.062155
1123,0.2,15,1,1.15,0.076676
1124,0.2,15,1,1.15,0.076676
1125,0.2,17,0.7,1.05,0.061174
1126,0.2,12,0.5,1.1,0.065946
1127,0.2,12,1,1.09,0.11652
1128,0.2,13,0.5,1.12,0.061763
1129,0.2,13,0.5,1.12,0.061763
1130,0.2,13,0.7,1.15,0.064694
1131,0.2,15,1,1.1,0.086606
1132,0.2,17,1,1.1,0.074152
1133,0.2,15,0.5,1.1,0.063361
1134,0.2,15,0.5,1.1,0.063361
1135,0.2,15,0.5,1.1,0.063361
1136,0.2,15,0.5,1.1,0.063361
1137,0.2,15,0.5,1.1,0.063361
1138,0.2,17,1,1.09,0.075776
1139,0.2,18,1,1.15,0.062893
1140,0.2,18,1,1.1,0.069448
1141,0.2,17,0.7,1.15,0.064311
1142,0.2,18,1,1.15,0.062893
1143,0.2,18,1,1.15,0.062893
1144,0.2,18,1,1.15,0.062893
1145,0.2,18,1,1.15,0.062893
1146,0.2,18,1,1.11,0.06802
1147,0.2,17,0.7,1.12,0.063195
1148,0.2,17,0.7,1.11,0.062859
1149,0.2,20,1,1.14,0.061149
1150,0.2,20,1,1.14,0.061149
1151,0.2,20,1,1.14,0.061149
1152,0.2,18,1,1.16,0.061867
1153,0.2,18,1,1.16,0.061867
1154,0.2,18,1,1.13,0.065307
1155,0.2,18,1,1.13,0.065307
1156,0.2,18,1,1.14,0.064079
1157,0.2,18,1,1.12,0.066639
1158,0.2,18,1,1.12,0.066639
1159,0.2,20,1,1.12,0.061041
1160,0.2,20,1,1.12,0.061041
1161,0.2,20,1,1.14,0.061149
1162,0.2,20,1,1.14,0.061149
1163,0.2,20,1,1.12,0.061041
1164,0.2,18,0.7,1.12,0.064114
1165,0.2,20,1,1.14,0.061149
1166,0.2,18,1,1.13,0.065307
1167,0.2,18,1,1.13,0.065307
1168,0.2,20,1,1.13,0.060743
1169,0.2,18,1,1.13,0.065307
1170,0.2,18,1,1.13,0.065307
1171,0.2,20,1,1.13,0.060743
1172,0.2,20,1,1.13,0.060743
1173,0.2,18,1,1.13,0.065307
1174,0.2,20,1,1.13,0.060743
1175,0.2,20,1,1.13,0.060743
1176,0.2,20,1,1.13,0.060743
1177,0.2,20,1,1.13,0.060743
1178,0.2,20,1,1.13,0.060743
1179,0.2,18,1,1.13,0.065307
1180,0.2,18,1,1.13,0.065307
1181,1,2,0.1,1.04,0.25363
1182,0.2,5,0.01,1,0.14889
1183,0.2,5,0.01,1,0.14889
1184,1,2,0.5,1.17,0.19258
1185,0.2,4,0.3,1.4,0.086233
1186,0.2,10,0.05,1.01,0.069175
1187,0.2,10,0.05,1.01,0.069175
1188,0.2,10,0.05,1.01,0.069175
1189,0.2,10,0.05,1.01,0.069175
1190,1,4,1,1.26,0.23027
1191,1,2,0.05,1.19,0.22546
1192,0.5,5,0.07,1.04,0.15398
1193,0.5,2,0.03,1.02,0.14131
1194,0.2,30,1,1,0.062645
1195,0.2,30,1,1,0.062645
1196,0.2,12,0.05,1.02,0.062461
1197,0.2,12,0.003,1,0.062403
1198,0.2,12,0.003,1,0.062403
1199,0.2,12,0.003,1,0.062403
1200,0.2,12,0.003,1,0.062403
1201,0.2,12,0.003,1,0.062403
1202,0.2,12,0.003,1,0.062403
1203,0.2,12,0.003,1,0.062403
1204,0.2,12,0.003,1,0.062403
1205,0.2,12,0.003,1,0.062403
1206,0.2,12,0.003,1,0.062403
1207,0.2,13,1,1.07,0.11009
1208,0.2,12,0.5,1.03,0.07435
1209,0.2,12,0.5,1.03,0.07435
1210,0.2,11,0.5,1.09,0.073341
1211,0.2,11,0.5,1.09,0.073341
1212,0.2,5,0.3,1.08,0.15832
1213,0.2,4,0.07,1.23,0.12755
1214,0.5,4,0.05,1.11,0.14987
1215,0.5,4,0.05,1.11,0.14987
1216,0.5,5,0.7,1.27,0.14034
1217,2,2,0.1,1.29,0.49335
1218,0.2,13,0.1,1.04,0.063759
1219,0.2,4,0.07,1.19,0.14095
1220,0.2,4,0.07,1.19,0.14095
1221,0.5,11,1,1.01,0.14949
1222,0.5,4,0.07,1.11,0.14932
1223,0.2,5,1,1.1,0.24513
1224,0.2,11,0.3,1.13,0.061971
1225,0.2,13,0.5,1.17,0.063593
1226,0.2,4,1,1.1,0.27822
1227,0.2,4,0.7,1.25,0.23412
1228,0.2,10,1,1.07,0.1462
1229,0.2,13,1,1.14,0.094767
1230,0.2,5,0.5,1.16,0.16433
1231,0.2,9,0.3,1.15,0.069916
1232,0.2,9,0.3,1.18,0.066047
1233,0.2,11,0.07,1.01,0.06456
1234,0.2,11,0.07,1.01,0.06456
1235,0.5,5,0.5,1.12,0.14337
1236,0.2,9,0.5,1.1,0.091837
1237,0.5,12,1,1.01,0.15364
1238,0.2,10,0.3,1.16,0.063178
1239,0.2,10,0.3,1.16,0.063178
1240,0.2,10,0.3,1.16,0.063178
1241,0.2,9,0.3,1.24,0.063036
1242,0.2,10,1,1.04,0.1517
1243,0.2,10,1,1.04,0.1517
1244,0.2,9,0.1,1.15,0.064213
1245,0.2,9,0.1,1.15,0.064213
1246,0.2,13,0.1,1.01,0.062994
1247,0.2,13,0.1,1.01,0.062994
1248,0.2,13,0.1,1.01,0.062994
1249,0.2,13,0.1,1.01,0.062994
1250,0.2,13,0.1,1.01,0.062994
1251,0.2,13,0.1,1.01,0.062994
1252,0.2,9,0.3,1.04,0.087061
1253,0.2,11,0.3,1.06,0.067304
1254,0.2,11,0.3,1.06,0.067304
1255,0.2,11,0.3,1.06,0.067304
1256,0.2,11,0.1,1.09,0.062544
1257,0.2,9,0.7,1.24,0.078684
1258,0.2,12,0.7,1.17,0.067068
1259,0.2,10,0.1,1.14,0.062641
1260,0.2,11,1,1.02,0.14222
1261,0.2,10,0.7,1,0.11867
1262,0.2,12,0.7,1.08,0.081914
1263,0.2,9,0.1,1.06,0.073364
1264,0.2,10,0.1,1.14,0.062641
1265,0.2,12,0.7,1.23,0.061969
1266,0.2,12,0.7,1.23,0.061969
1267,0.2,12,0.7,1.23,0.061969
1268,0.2,11,1,1.15,0.11508
1269,0.2,11,1,1.15,0.11508
1270,0.2,18,0.7,1.06,0.062085
1271,0.2,18,0.7,1.06,0.062085
1272,0.2,18,0.7,1.06,0.062085
1273,0.2,15,1,1.05,0.096466
1274,0.2,9,0.7,1.19,0.09133
1275,0.2,11,1,1.23,0.094136
1276,0.2,15,0.7,1.03,0.069687
1277,0.2,12,0.3,1.07,0.062473
1278,0.2,12,0.3,1.07,0.062473
1279,0.2,11,0.5,1.23,0.06344
1280,0.2,11,0.5,1.23,0.06344
1281,0.2,11,0.5,1.23,0.06344
1282,0.2,15,0.7,1.07,0.065227
1283,0.2,13,0.5,1.09,0.062873
1284,0.2,18,0.7,1.06,0.062085
1285,0.2,18,0.7,1.06,0.062085
1286,0.2,15,0.7,1.12,0.061163
1287,0.2,15,0.7,1.12,0.061163
1288,0.2,15,1,1.08,0.090593
1289,0.2,13,0.7,1.11,0.069879
1290,0.2,20,1,1.1,0.062809
1291,0.2,20,1,1.1,0.062809
1292,0.2,20,1,1.1,0.062809
1293,0.2,18,0.7,1.08,0.062748
1294,0.2,15,0.7,1.15,0.062285
1295,0.2,15,0.7,1.15,0.062285
1296,0.2,15,0.7,1.15,0.062285
1297,0.2,20,1,1.15,0.061552
1298,0.2,20,1,1.15,0.061552
1299,0.2,20,1,1.13,0.060743
1300,0.2,15,0.7,1.1,0.062484
1301,0.2,15,0.7,1.1,0.062484
1302,0.2,15,0.7,1.1,0.062484
1303,0.2,17,0.7,1.12,0.063195
1304,0.2,17,0.7,1.12,0.063195
1305,0.2,17,0.7,1.12,0.063195
1306,0.2,18,1,1.11,0.06802
1307,0.2,20,1,1.12,0.061041
1308,0.2,20,1,1.12,0.061041
1309,0.2,17,0.7,1.14,0.063933
1310,0.2,17,0.7,1.13,0.063558
1311,0.2,17,0.7,1.13,0.063558
1312,0.2,17,0.7,1.12,0.063195
1313,0.2,17,1,1.15,0.066307
1314,0.2,20,1,1.15,0.061552
1315,0.2,20,1,1.13,0.060743
1316,0.2,20,1,1.13,0.060743
1317,0.2,20,1,1.12,0.061041
1318,0.2,18,1,1.13,0.065307
1319,0.2,20,1,1.13,0.060743
1320,0.2,20,1,1.13,0.060743
1321,0.2,18,1,1.13,0.065307
1322,0.2,20,1,1.14,0.061149
1323,0.2,18,1,1.15,0.062893
1324,0.2,20,1,1.14,0.061149
1325,0.2,20,1,1.13,0.060743
1326,0.2,18,1,1.14,0.064079
1327,0.2,18,1,1.14,0.064079
1328,0.2,20,1,1.14,0.061149
1329,0.2,20,1,1.13,0.060743
1330,0.2,20,1,1.13,0.060743
1331,0.2,20,1,1.13,0.060743
1332,0.2,20,1,1.13,0.060743
1333,0.2,20,1,1.13,0.060743
1334,0.2,18,1,1.13,0.065307
1335,0.2,20,1,1.13,0.060743
1336,0.2,20,1,1.13,0.060743
1337,0.2,20,1,1.13,0.060743
1338,0.2,5,0.001,1.05,0.13871
1339,0.2,4,0.5,1.23,0.19444
1340,0.2,9,0.005,1.12,0.064756
1341,0.5,5,1,1.36,0.1159
1342,0.2,13,0.03,1.02,0.063893
1343,0.2,13,0.03,1.02,0.063893
1344,0.2,13,0.03,1.02,0.063893
1345,0.2,13,0.03,1.02,0.063893
1346,0.2,13,0.03,1.02,0.063893
1347,0.2,13,0.03,1.02,0.063893
1348,0.2,13,0.03,1.02,0.063893
1349,2,2,0.03,1.4,0.39409
1350,0.2,4,0.02,1.06,0.17081
1351,0.5,4,0.1,1,0.14417
1352,0.5,4,0.5,1.21,0.1346
1353,0.2,5,0.7,1.21,0.18591
1354,0.5,10,1,1,0.14462
1355,0.5,10,1,1,0.14462
1356,0.2,11,0.5,1.1,0.07189
1357,0.5,4,0.3,1.14,0.14256
1358,0.2,4,0.5,1.13,0.2107
1359,0.5,2,0.1,1.44,0.13566
1360,0.2,5,0.07,1.11,0.13037
1361,0.5,2,0.002,1.08,0.13709
1362,0.2,4,0.7,1.49,0.31173
1363,0.2,2,0.007,1.3,0.33731
1364,0.2,5,0.3,1.13,0.14668
1365,0.2,5,0.1,1.17,0.11703
1366,0.2,5,0.1,1.17,0.11703
1367,0.2,4,0.05,1.18,0.14223
1368,0.5,4,0.1,1.13,0.1497
1369,0.5,4,1,1.29,0.11551
1370,0.2,5,0.1,1.31,0.075433
1371,0.2,5,0.07,1.35,0.066379
1372,0.2,5,0.07,1.35,0.066379
1373,1,2,0.3,1.24,0.18645
1374,0.2,5,0.3,1.34,0.078562
1375,0.5,2,0.05,1.09,0.13488
1376,0.2,11,0.07,1.12,0.063722
1377,0.2,11,0.07,1.12,0.063722
1378,0.5,5,0.7,1.28,0.14106
1379,0.5,5,0.7,1.28,0.14106
1380,0.5,9,1,1.02,0.14105
1381,0.2,12,0.5,1.19,0.063109
1382,2,2,1,1.13,0.4585
1383,0.2,15,0.5,1.06,0.062103
1384,0.2,15,0.5,1.06,0.062103
1385,0.2,10,0.07,1.01,0.069853
1386,0.2,10,0.07,1.01,0.069853
1387,0.2,18,0.5,1.03,0.064076
1388,0.2,10,0.1,1.1,0.06359
1389,0.2,11,0.3,1.16,0.062903
1390,0.2,11,0.3,1.16,0.062903
1391,0.2,11,0.3,1.16,0.062903
1392,0.2,5,0.7,1.14,0.19802
1393,0.2,5,0.1,1.08,0.13979
1394,0.2,9,0.07,1.12,0.066015
1395,0.2,10,0.07,1.07,0.064968
1396,0.2,10,0.07,1.07,0.064968
1397,0.2,20,0.7,1.02,0.06249
1398,0.2,5,0.1,1.27,0.087064
1399,0.2,5,0.1,1.27,0.087064
1400,0.2,18,0.7,1.01,0.061525
1401,0.5,5,0.7,1.14,0.13343
1402,0.5,5,0.7,1.14,0.13343
1403,0.2,17,0.5,1.01,0.062623
1404,0.2,10,1,1.12,0.13599
1405,0.2,11,1,1.27,0.082798
1406,0.2,11,0.1,1.08,0.062249
1407,0.2,9,1,1.05,0.16476
1408,0.2,9,1,1.05,0.16476
1409,0.2,9,0.5,1.14,0.083711
1410,0.2,9,0.5,1.14,0.083711
1411,0.2,9,0.5,1.14,0.083711
1412,0.2,10,0.5,1.02,0.094362
1413,0.2,9,0.1,1.02,0.078339
1414,0.2,9,0.1,1.02,0.078339
1415,0.2,11,0.7,1.1,0.087525
1416,0.2,11,0.7,1.1,0.087525
1417,0.2,11,0.7,1.1,0.087525
1418,0.2,15,0.7,1.05,0.067376
1419,0.2,15,0.7,1.05,0.067376
1420,0.2,10,0.3,1.12,0.06684
1421,0.2,9,0.1,1.04,0.075813
1422,0.2,13,0.5,1.02,0.069345
1423,0.2,13,0.5,1.02,0.069345
1424,0.2,10,0.1,1.15,0.062971
1425,0.2,10,0.5,1.17,0.068867
1426,0.2,10,0.5,1.17,0.068867
1427,0.2,20,1,1.04,0.070007
1428,0.2,11,1,1.04,0.13855
1429,0.2,11,1,1.04,0.13855
1430,0.2,10,0.3,1.05,0.075457
1431,0.2,9,1,1.05,0.16476
1432,0.2,13,1,1.11,0.10159
1433,0.2,20,0.7,1.01,0.06219
1434,0.2,20,0.7,1.01,0.06219
1435,0.2,20,0.7,1.01,0.06219
1436,0.2,20,0.7,1.01,0.06219
1437,0.2,20,0.7,1.01,0.06219
1438,0.2,12,0.1,1.08,0.063616
1439,0.2,11,0.7,1.15,0.077752
1440,0.2,12,0.7,1.12,0.074923
1441,0.2,18,0.7,1.04,0.061441
1442,0.2,15,0.7,1.06,0.066282
1443,0.2,13,0.7,1.08,0.074333
1444,0.2,13,0.7,1.08,0.074333
1445,0.2,20,1,1.1,0.062809
1446,0.2,20,1,1.1,0.062809
1447,0.2,20,1,1.1,0.062809
1448,0.2,20,1,1.1,0.062809
1449,0.2,17,0.7,1.1,0.062505
1450,0.2,17,0.7,1.1,0.062505
1451,0.2,13,0.5,1.07,0.064465
1452,0.2,15,0.7,1.11,0.061715
1453,0.2,18,1,1.15,0.062893
1454,0.2,17,0.7,1.08,0.06182
1455,0.2,17,0.7,1.08,0.06182
1456,0.2,17,0.7,1.08,0.06182
1457,0.2,17,0.7,1.08,0.06182
1458,0.2,17,0.7,1.08,0.06182
1459,0.2,18,1,1.18,0.060999
1460,0.2,18,1,1.18,0.060999
1461,0.2,15,0.7,1.1,0.062484
1462,0.2,15,0.7,1.11,0.061715
1463,0.2,20,1,1.14,0.061149
1464,0.2,20,1,1.14,0.061149
1465,0.2,18,1,1.1,0.069448
1466,0.2,17,0.7,1.15,0.064311
1467,0.2,17,0.7,1.13,0.063558
1468,0.2,20,1,1.16,0.061965
1469,0.2,20,1,1.13,0.060743
1470,0.2,20,1,1.13,0.060743
1471,0.2,20,1,1.13,0.060743
1472,0.2,18,1,1.11,0.06802
1473,0.2,18,1,1.16,0.061867
1474,0.2,18,1,1.16,0.061867
1475,0.2,20,1,1.12,0.061041
1476,0.2,20,1,1.12,0.061041
1477,0.2,18,0.7,1.12,0.064114
1478,0.2,18,0.7,1.12,0.064114
1479,0.2,20,1,1.14,0.061149
1480,0.2,20,1,1.13,0.060743
1481,0.2,20,1,1.12,0.061041
1482,0.2,20,1,1.15,0.061552
1483,0.2,18,1,1.13,0.065307
1484,0.2,20,1,1.12,0.061041
1485,0.2,18,1,1.14,0.064079
1486,0.2,18,1,1.14,0.064079
1487,0.2,20,1,1.13,0.060743
1488,0.2,20,1,1.14,0.061149
1489,0.2,20,1,1.14,0.061149
1490,0.2,20,1,1.14,0.061149
1491,0.2,18,1,1.14,0.064079
1492,0.2,20,1,1.13,0.060743
1493,0.2,18,1,1.13,0.065307
1494,0.2,18,1,1.13,0.065307
1495,0.2,18,1,1.13,0.065307
1496,0.2,20,1,1.13,0.060743
1497,0.2,20,1,1.13,0.060743
1498,0.2,18,1,1.14,0.064079
1499,0.2,18,1,1.14,0.064079
1500,0.2,18,1,1.14,0.064079
1501,0.2,10,0.05,1.13,0.062736
1502,0.2,10,0.05,1.13,0.062736
1503,0.2,10,0.05,1.13,0.062736
1504,2,2,1,1.38,0.26371
1505,0.2,9,0.007,1.14,0.063568
1506,2,2,0.02,1.32,0.48491
1507,0.2,11,0.1,1.12,0.063473
1508,1,2,0.3,1.03,0.23731
1509,1,2,0.3,1.03,0.23731
1510,1,2,0.05,1.34,0.16804
1511,1,2,0.05,1.34,0.16804
1512,0.2,10,0.03,1.02,0.067732
1513,0.5,2,0.05,1.11,0.13314
1514,2,2,0.3,1.24,0.49259
1515,0.5,9,1,1.09,0.1452
1516,0.5,9,1,1.09,0.1452
1517,0.2,5,1,1.06,0.24701
1518,2,2,0.1,1.3,0.48536
1519,0.5,5,0.5,1.09,0.1415
1520,0.5,5,0.5,1.09,0.1415
1521,0.2,4,0.07,1.14,0.15567
1522,0.2,4,0.07,1.14,0.15567
1523,1,2,0.5,1.02,0.22382
1524,1,2,0.1,1.32,0.17259
1525,1,2,0.7,1.02,0.21082
1526,0.2,9,0.7,1.27,0.071408
1527,1,4,0.7,1.06,0.28301
1528,0.5,4,0.7,1,0.1299
1529,0.2,10,0.07,1.09,0.063704
1530,0.2,10,0.07,1.09,0.063704
1531,0.2,4,0.1,1.05,0.17943
1532,0.2,11,0.07,1.09,0.062813
1533,0.2,11,0.07,1.09,0.062813
1534,0.5,9,1,1.22,0.1556
1535,0.2,11,0.5,1.17,0.06338
1536,0.2,11,0.5,1.17,0.06338
1537,0.2,11,0.5,1.17,0.06338
1538,0.2,11,0.5,1.17,0.06338
1539,0.2,11,0.5,1.17,0.06338
1540,0.2,12,1,1.08,0.11866
1541,0.2,9,0.7,1.29,0.067015
1542,0.2,9,0.7,1.29,0.067015
1543,0.2,9,0.5,1.2,0.07196
1544,0.2,9,0.5,1.2,0.07196
1545,0.2,9,0.5,1.2,0.07196
1546,0.2,18,0.5,1.01,0.063505
1547,0.5,5,0.5,1.17,0.14683
1548,0.2,11,0.3,1.15,0.062538
1549,0.2,5,0.3,1.09,0.15614
1550,0.2,9,1,1.22,0.12846
1551,0.2,15,1,1.27,0.06208
1552,0.2,15,1,1.27,0.06208
1553,0.2,15,1,1.27,0.06208
1554,0.5,5,1,1.17,0.1236
1555,0.2,11,0.7,1.15,0.077752
1556,0.2,11,1,1.11,0.12429
1557,0.5,9,1,1.15,0.14942
1558,0.2,13,1,1.27,0.065717
1559,0.2,11,0.7,1.09,0.08948
1560,0.2,12,0.3,1.11,0.062546
1561,0.2,10,0.5,1,0.097729
1562,0.2,12,0.7,1.15,0.070052
1563,0.2,17,1,1.09,0.075776
1564,0.2,11,0.3,1.1,0.063856
1565,0.2,9,0.3,1.21,0.063091
1566,0.2,11,0.7,1.03,0.10097
1567,0.2,11,0.7,1.03,0.10097
1568,0.2,12,0.7,1.15,0.070052
1569,0.2,10,0.1,1.07,0.065634
1570,0.2,10,0.1,1.07,0.065634
1571,0.2,10,0.1,1.07,0.065634
1572,0.2,17,1,1.04,0.084572
1573,0.2,18,0.5,1.02,0.063792
1574,0.2,18,0.5,1.02,0.063792
1575,0.2,17,1,1.03,0.086361
1576,0.2,11,0.5,1.25,0.064389
1577,0.2,11,0.5,1.25,0.064389
1578,0.2,11,0.5,1.25,0.064389
1579,0.2,11,0.5,1.25,0.064389
1580,0.2,12,0.3,1.06,0.063041
1581,0.2,12,0.3,1.06,0.063041
1582,0.2,12,0.3,1.06,0.063041
1583,0.2,12,0.3,1.06,0.063041
1584,0.2,11,0.3,1.1,0.063856
1585,0.2,11,0.3,1.1,0.063856
1586,0.2,12,0.5,1.22,0.064407
1587,0.2,15,0.7,1.06,0.066282
1588,0.2,15,0.7,1.06,0.066282
1589,0.2,17,1,1.09,0.075776
1590,0.2,15,1,1.08,0.090593
1591,0.2,17,1,1.16,0.064948
1592,0.2,20,0.7,1.07,0.064085
1593,0.2,18,1,1.19,0.061434
1594,0.2,20,1,1.08,0.064977
1595,0.2,20,1,1.08,0.064977
1596,0.2,13,0.5,1.08,0.06363
1597,0.2,17,1,1.1,0.074152
1598,0.2,15,1,1.19,0.069223
1599,0.2,18,0.7,1.1,0.063406
1600,0.2,15,0.7,1.16,0.062686
1601,0.2,15,0.5,1.09,0.063029
1602,0.2,15,1,1.15,0.076676
1603,0.2,18,0.7,1.12,0.064114
1604,0.2,18,1,1.13,0.065307
1605,0.2,15,1,1.17,0.072839
1606,0.2,17,0.7,1.14,0.063933
1607,0.2,17,0.7,1.14,0.063933
1608,0.2,20,1,1.13,0.060743
1609,0.2,20,1,1.13,0.060743
1610,0.2,18,1,1.15,0.062893
1611,0.2,17,1,1.14,0.067779
1612,0.2,20,1,1.15,0.061552
1613,0.2,20,1,1.15,0.061552
1614,0.2,20,1,1.15,0.061552
1615,0.2,20,1,1.15,0.061552
1616,0.2,17,1,1.12,0.070843
1617,0.2,17,1,1.14,0.067779
1618,0.2,18,0.7,1.12,0.064114
1619,0.2,18,1,1.14,0.064079
1620,0.2,18,1,1.12,0.066639
1621,0.2,18,1,1.14,0.064079
1622,0.2,18,1,1.14,0.064079
1623,0.2,18,0.7,1.12,0.064114
1624,0.2,18,0.7,1.12,0.064114
1625,0.2,18,0.7,1.12,0.064114
1626,0.2,20,1,1.15,0.061552
1627,0.2,20,1,1.14,0.061149
1628,0.2,20,1,1.14,0.061149
1629,0.2,20,1,1.14,0.061149
1630,0.2,20,1,1.13,0.060743
1631,0.2,20,1,1.13,0.060743
1632,0.2,20,1,1.13,0.060743
1633,0.2,18,1,1.14,0.064079
1634,0.2,18,1,1.13,0.065307
1635,0.2,20,1,1.13,0.060743
1636,0.2,20,1,1.13,0.060743
1637,0.2,20,1,1.14,0.061149
1638,0.2,20,1,1.13,0.060743
1639,0.2,20,1,1.13,0.060743
1640,0.2,20,1,1.13,0.060743
1641,0.2,20,1,1.13,0.060743
1642,0.2,18,1,1.14,0.064079
1643,1,2,0.003,1.23,0.21787
0,0.2,20,1,1.13,0.060743
