1,0.5,4,0.02,1.44,0.13547
2,1,5,0.7,1.01,0.17786
3,0.2,13,0.03,1.14,0.11008
4,0.5,12,0.7,1.31,0.13682
5,0.5,9,0.07,1.12,0.16007
6,0.5,9,0.07,1.12,0.16007
7,1,200,0.7,1.4,0.15678
8,0.2,170,0.7,1.2,0.31914
9,0.2,170,0.7,1.2,0.31914
10,0.5,11,0.3,1.02,0.1336
11,0.2,160,0.5,1.12,0.15766
12,0.5,2,0.005,1.01,0.12621
13,0.2,10,0.005,1.06,0.15592
14,2,11,0.7,1.4,0.27634
15,0.5,160,0.7,1.27,0.12376
16,0.5,160,0.7,1.27,0.12376
17,2,180,0.7,1.48,0.2665
18,15,90,0.7,1.55,2.544
19,2,15,0.7,1.11,0.54858
20,1,2,0.7,1.36,0.092435
21,1,2,0.7,1.36,0.092435
22,0.2,12,0.03,1.32,0.080064
23,0.2,12,0.03,1.32,0.080064
24,0.2,12,0.03,1.32,0.080064
25,0.2,10,0.07,1.12,0.17485
26,0.5,11,0.07,1.08,0.17395
27,5,30,1,1.52,0.31455
28,0.5,90,0.7,1.13,0.12812
29,0.2,5,0.003,1.15,0.27873
30,0.2,17,0.1,1.28,0.079929
31,0.5,5,0.01,1.32,0.11661
32,2,2,0.5,1.21,0.33006
33,0.2,12,0.05,1.15,0.12894
34,0.2,10,0.001,1.1,0.14919
35,0.2,10,0.001,1.1,0.14919
36,0.2,10,0.001,1.1,0.14919
37,0.2,10,0.001,1.1,0.14919
38,0.5,90,1,1.17,0.13005
39,0.2,13,0.001,1.34,0.082853
40,0.5,2,0.002,1.17,0.12914
41,0.2,13,0.003,1,0.12171
42,0.2,15,0.03,1.06,0.10289
43,0.2,12,0.05,1.24,0.10836
44,0.5,15,0.3,1.11,0.14942
45,0.2,160,0.7,1.28,0.34476
46,2,90,1,1.01,0.54976
47,2,9,0.7,1.39,0.26995
48,0.5,4,0.5,1.18,0.13985
49,0.2,20,0.002,1.09,0.080223
50,0.2,20,0.002,1.09,0.080223
51,0.2,13,0.01,1.37,0.083888
52,1,4,0.01,1.2,0.21893
53,0.5,220,0.5,1.1,0.18025
54,0.5,160,0.7,1.1,0.12994
55,0.5,13,0.7,1.3,0.13364
56,0.2,5,0.02,1.14,0.2837
57,1,20,1,1.2,0.14517
58,1,30,0.7,1.35,0.15274
59,0.2,50,0.3,1,0.085055
60,0.5,9,0.03,1.13,0.16804
61,0.5,9,0.03,1.13,0.16804
62,0.5,12,0.5,1.33,0.1198
63,1,4,0.7,1.13,0.14347
64,1,5,0.07,1.52,0.065252
65,5,2,1,1.15,1.2346
66,0.2,13,0.001,1.34,0.082853
67,0.2,13,0.001,1.34,0.082853
68,0.2,13,0.001,1.34,0.082853
69,0.2,13,0.001,1.34,0.082853
70,0.5,5,0.7,1.09,0.1379
71,0.5,5,0.7,1.09,0.1379
72,0.2,190,0.5,1.17,0.14671
73,0.2,190,0.5,1.17,0.14671
74,1,20,1,1.21,0.14215
75,1,5,1,1.25,0.097709
76,1,5,1,1.25,0.097709
77,0.5,11,0.7,1.16,0.12622
78,0.5,11,0.7,1.16,0.12622
79,0.5,11,0.7,1.16,0.12622
80,10,2,0.003,1.5,1.9803
81,0.2,13,0.02,1.34,0.082219
82,0.2,13,0.02,1.34,0.082219
83,0.2,5,0.001,1.23,0.28673
84,0.5,160,0.7,1.05,0.1311
85,0.5,160,0.7,1.05,0.1311
86,0.5,160,0.7,1.05,0.1311
87,0.5,160,0.7,1.05,0.1311
88,0.5,160,0.7,1.05,0.1311
89,0.5,160,0.7,1.05,0.1311
90,0.2,13,0.007,1.19,0.092367
91,0.2,13,0.007,1.19,0.092367
92,0.5,160,1,1.31,0.1435
93,0.5,4,0.07,1.23,0.12021
94,1,4,1,1.07,0.13492
95,2,11,0.5,1.51,0.12294
96,2,11,0.5,1.51,0.12294
97,2,11,0.5,1.51,0.12294
98,0.2,120,0.7,1.22,0.32856
99,0.2,50,0.3,1.14,0.077962
100,0.5,9,0.1,1.15,0.15469
101,0.5,9,0.1,1.15,0.15469
102,0.2,17,0.007,1.02,0.086638
103,0.2,17,0.007,1.02,0.086638
104,0.2,17,0.007,1.02,0.086638
105,1,5,0.007,1.2,0.25971
106,1,9,0.5,1.22,0.1913
107,1,40,1,1.31,0.11654
108,1,30,0.5,1.17,0.30358
109,2,100,1,1.5,0.051201
110,2,100,1,1.5,0.051201
111,2,100,1,1.5,0.051201
112,0.5,9,0.07,1.21,0.16309
113,0.2,9,0.05,1.26,0.16312
114,0.2,190,0.5,1.45,0.16276
115,2,170,1,1.28,0.39783
116,0.2,110,0.5,1.34,0.17874
117,0.5,180,0.7,1.32,0.1217
118,0.5,180,0.7,1.32,0.1217
119,2,80,1,1.5,0.050126
120,5,130,1,1.42,1.0693
121,7,110,1,1.51,0.94338
122,15,140,1,1.51,3.3669
123,2,20,0.5,1.51,0.24125
124,7,120,0.7,1.52,1.3763
125,0.2,20,0.3,1.37,0.1343
126,1,90,0.7,1.43,0.12453
127,0.5,90,0.5,1.41,0.15285
128,0.5,90,0.5,1.41,0.15285
129,2,90,0.7,1.51,0.14725
130,5,70,1,1.52,0.35081
131,2,30,0.7,1.41,0.35122
132,0.5,130,0.7,1.39,0.12094
133,7,60,1,1.48,1.2854
134,10,80,1,1.5,1.9588
135,0.5,30,1,1.23,0.14018
136,0.2,12,0.003,1.09,0.12154
137,0.5,5,1,1.02,0.14742
138,0.2,11,0.001,1.4,0.083981
139,0.2,11,0.001,1.4,0.083981
140,0.2,11,0.001,1.4,0.083981
141,1,15,0.7,1.41,0.093513
142,0.2,40,0.3,1.11,0.08933
143,5,2,0.7,1.32,1.0332
144,5,2,0.7,1.32,1.0332
145,2,13,1,1.46,0.093962
146,1,18,0.5,1.34,0.21064
147,1,18,0.5,1.34,0.21064
148,5,4,1,1.41,0.77897
149,1,50,1,1.22,0.15249
150,1,50,1,1.22,0.15249
151,1,2,0.03,1.45,0.085336
152,1,100,0.7,1.29,0.21387
153,2,30,1,1.38,0.25709
154,18,4,0.05,1.56,1.9064
155,2,120,0.7,1.27,0.58627
156,1,100,0.7,1.31,0.20496
157,1,100,0.7,1.31,0.20496
158,1,100,0.7,1.31,0.20496
159,30,2,0.1,1.54,6.4738
160,0.2,120,0.5,1.16,0.16937
161,1,12,1,1.17,0.14232
162,0.2,18,0.002,1.08,0.079126
163,0.2,18,0.5,1.29,0.32751
164,0.5,110,0.7,1.22,0.12543
165,0.5,160,0.7,1.39,0.1207
166,1,110,1,1.36,0.10071
167,1,110,1,1.36,0.10071
168,1,110,1,1.36,0.10071
169,5,18,1,1.35,1.2031
170,1,170,0.7,1.3,0.21627
171,0.2,13,0.1,1.38,0.080538
172,0.2,13,0.1,1.38,0.080538
173,0.2,13,0.1,1.38,0.080538
174,0.2,12,0.07,1.07,0.14975
175,0.2,11,0.007,1.36,0.081674
176,0.5,5,0.07,1.11,0.12476
177,0.2,20,0.05,1.02,0.080865
178,0.2,20,0.05,1.02,0.080865
179,0.5,90,0.5,1.27,0.16374
180,7,40,0.7,1.5,1.538
181,2,9,0.5,1.37,0.38287
182,0.5,80,0.5,1.15,0.16212
183,0.2,20,0.003,1.17,0.081858
184,0.2,20,0.003,1.17,0.081858
185,0.5,160,0.5,1.07,0.17406
186,0.5,40,0.7,1.4,0.13046
187,0.5,40,0.7,1.4,0.13046
188,0.5,40,0.7,1.4,0.13046
189,5,4,0.3,1.41,1.1554
190,5,2,0.3,1.49,0.49788
191,1,50,1,1.06,0.1947
192,0.2,11,0.003,1.38,0.082832
193,5,120,1,1.45,0.92362
194,0.5,2,0.7,1.07,0.1588
195,2,190,1,1.13,0.50275
196,0.5,150,0.7,1.25,0.12457
197,0.5,150,0.7,1.25,0.12457
198,0.5,200,1,1,0.12981
199,0.2,13,0.003,1.15,0.099075
200,0.5,11,0.03,1.09,0.1818
201,0.5,11,0.03,1.09,0.1818
202,1,40,1,1.37,0.09046
203,7,50,1,1.45,1.5286
204,2,9,1,1.5,0.043352
205,0.2,220,0.5,1.25,0.13466
206,5,60,0.7,1.52,0.73337
207,1,160,0.7,1.04,0.2811
208,0.5,150,0.5,1.55,0.11084
209,7,4,0.05,1.53,1.0973
210,2,170,0.7,1.26,0.60499
211,2,4,0.7,1.3,0.28745
212,2,4,0.7,1.3,0.28745
213,0.5,5,0.05,1.18,0.12253
214,0.2,12,0.002,1.13,0.11438
215,1,2,0.07,1.4,0.079812
216,1,2,0.07,1.4,0.079812
217,7,15,1,1.41,1.6452
218,0.2,15,0.02,1.14,0.087364
219,0.2,13,0.02,1.13,0.10844
220,0.2,13,0.02,1.13,0.10844
221,1,2,0.05,1.33,0.10576
222,1,2,0.05,1.33,0.10576
223,1,2,0.05,1.33,0.10576
224,0.2,60,0.7,1.08,0.31276
225,0.5,4,0.7,1.28,0.16406
226,2,150,1,1.11,0.5115
227,1,18,0.5,1.2,0.25534
228,0.5,110,0.5,1.49,0.13534
229,15,20,1,1.55,1.1401
230,5,11,1,1.36,1.1124
231,0.2,11,0.01,1.11,0.13486
232,2,2,0.007,1.49,0.073411
233,2,2,0.007,1.49,0.073411
234,0.2,20,0.003,1.19,0.082216
235,0.2,20,0.003,1.19,0.082216
236,0.2,20,0.003,1.19,0.082216
237,0.2,20,0.003,1.19,0.082216
238,2,12,1,1.23,0.36575
239,1,5,0.005,1.24,0.25226
240,2,30,0.7,1.52,0.068397
241,2,90,1,1.28,0.39201
242,20,4,0.07,1.55,3.8777
243,28,9,1,1.55,3.7661
244,0.5,50,1,1.32,0.14868
245,2,5,1,1.24,0.30033
246,2,11,1,1.48,0.053714
247,2,17,0.7,1.35,0.38563
248,5,5,0.03,1.51,1.1896
249,0.2,11,0.05,1.42,0.083138
250,0.2,11,0.05,1.42,0.083138
251,0.2,11,0.05,1.42,0.083138
252,0.2,11,0.05,1.42,0.083138
253,5,9,0.7,1.36,1.2817
254,1,5,0.7,1.29,0.10597
255,1,5,0.7,1.29,0.10597
256,1,5,0.7,1.29,0.10597
257,7,5,1,1.32,1.7884
258,1,11,0.7,1.47,0.077643
259,1,11,0.7,1.47,0.077643
260,1,11,0.7,1.47,0.077643
261,7,5,0.7,1.55,0.032467
262,7,5,0.7,1.55,0.032467
263,7,5,0.7,1.55,0.032467
264,10,9,0.7,1.53,1.3371
265,7,13,0.5,1.5,1.6607
266,10,15,1,1.5,1.7512
267,10,15,1,1.5,1.7512
268,5,4,0.1,1.49,0.93694
269,5,4,0.1,1.49,0.93694
270,7,13,0.5,1.54,0.9323
271,2,2,0.1,1.51,0.047607
272,2,2,0.1,1.51,0.047607
273,2,2,0.1,1.51,0.047607
274,0.2,20,0.003,1.08,0.080039
275,2,5,0.7,1.03,0.47392
276,22,10,1,1.54,3.4435
277,1,150,1,1.03,0.20842
278,0.5,170,0.7,1.27,0.12381
279,1,60,1,1.31,0.12026
280,0.2,17,0.3,1.07,0.20532
281,1,50,1,1.2,0.15881
282,0.2,10,0.003,1.2,0.1318
283,0.5,2,0.07,1.3,0.15223
284,2,13,0.5,1.22,0.5815
285,0.5,17,1,1.09,0.13434
286,0.5,17,1,1.09,0.13434
287,0.5,17,1,1.09,0.13434
288,1,4,0.05,1.51,0.075225
289,1,220,0.7,1.15,0.26527
290,1,5,0.05,1.5,0.087298
291,1,5,0.05,1.5,0.087298
292,0.5,80,0.7,1.35,0.12095
293,1,220,1,1.3,0.12987
294,0.2,9,0.07,1.21,0.18348
295,0.2,9,0.07,1.21,0.18348
296,0.5,18,0.5,1.1,0.12762
297,0.5,18,0.5,1.1,0.12762
298,0.2,13,0.002,1.03,0.11775
299,0.2,13,0.002,1.03,0.11775
300,0.2,13,0.002,1.03,0.11775
301,0.2,13,0.02,1.22,0.089859
302,0.2,20,0.3,1.24,0.16497
303,0.5,5,0.02,1.27,0.11915
304,5,90,1,1.34,1.341
305,0.5,190,0.5,1.15,0.17978
306,0.5,190,0.5,1.15,0.17978
307,0.5,190,0.5,1.15,0.17978
308,1,5,0.05,1.04,0.27303
309,0.2,20,0.005,1.16,0.081612
310,0.2,20,0.005,1.16,0.081612
311,20,40,1,1.54,3.3944
312,1,18,0.7,1.15,0.20689
313,0.5,220,0.7,1.2,0.12698
314,0.2,150,0.7,1.17,0.31351
315,2,2,0.07,1.34,0.30381
316,20,4,1,1.55,1.374
317,0.2,12,0.1,1.16,0.14943
318,0.2,12,0.1,1.16,0.14943
319,0.2,17,0.001,1.04,0.083005
320,0.2,17,0.1,1.29,0.080254
321,0.2,11,0.002,1.11,0.13186
322,5,20,1,1.36,1.1852
323,0.5,4,0.03,1.14,0.12261
324,2,180,1,1.04,0.54493
325,2,180,1,1.04,0.54493
326,1,70,1,1.11,0.18682
327,0.2,5,0.02,1.01,0.27104
328,0.2,5,0.02,1.01,0.27104
329,0.5,18,1,1.13,0.13635
330,0.5,18,1,1.13,0.13635
331,0.5,180,0.7,1.14,0.12893
332,0.5,180,0.7,1.14,0.12893
333,0.2,5,0.05,1.33,0.3312
334,1,110,1,1.14,0.18233
335,0.2,17,0.02,1.28,0.082691
336,0.2,9,0.01,1.41,0.081824
337,7,2,1,1.44,1.0233
338,0.5,4,0.03,1.13,0.12283
339,0.5,4,0.03,1.13,0.12283
340,0.5,4,0.03,1.13,0.12283
341,0.5,4,0.03,1.13,0.12283
342,15,4,0.001,1.54,3.4099
343,0.5,90,0.7,1.3,0.12211
344,0.2,9,0.001,1.38,0.092242
345,0.2,9,0.001,1.38,0.092242
346,2,100,1,1.06,0.53081
347,0.2,9,0.003,1.13,0.16473
348,0.5,10,0.01,1.07,0.17717
349,10,2,1,1.53,0.47335
350,2,10,1,1.27,0.32363
351,0.5,70,0.5,1.28,0.15608
352,0.5,70,0.5,1.28,0.15608
353,1,220,1,1.18,0.17321
354,1,60,1,1.38,0.088693
355,0.5,10,0.03,1.04,0.1726
356,0.5,17,0.3,1.28,0.16033
357,0.5,17,0.3,1.28,0.16033
358,0.5,11,0.07,1.19,0.18061
359,0.5,150,0.5,1.54,0.11352
360,1,18,1,1.37,0.082538
361,0.2,15,0.02,1.24,0.080333
362,0.2,15,0.02,1.24,0.080333
363,0.5,190,1,1.11,0.12904
364,0.5,190,1,1.11,0.12904
365,0.5,190,1,1.11,0.12904
366,0.5,190,1,1.11,0.12904
367,0.5,190,1,1.11,0.12904
368,1,80,0.7,1.49,0.070676
369,0.5,160,0.5,1.13,0.17593
370,1,60,0.7,1.3,0.19926
371,2,17,0.7,1.16,0.53526
372,0.5,9,0.02,1.27,0.18003
373,0.2,100,0.5,1.19,0.17889
374,1,2,0.5,1.23,0.10685
375,1,2,0.5,1.23,0.10685
376,1,2,0.5,1.23,0.10685
377,1,2,0.5,1.23,0.10685
378,1,5,0.02,1.22,0.25098
379,0.5,9,0.07,1.38,0.18058
380,0.5,60,1,1.2,0.13372
381,0.2,10,0.1,1.3,0.15759
382,1,11,1,1.34,0.086208
383,0.5,15,0.3,1.51,0.14926
384,0.2,12,0.01,1.31,0.080522
385,5,4,0.03,1.51,0.86186
386,7,17,1,1.4,1.7166
387,7,17,1,1.4,1.7166
388,7,17,1,1.4,1.7166
389,10,5,0.1,1.56,0.6795
390,7,4,0.7,1.36,1.7668
391,5,10,1,1.5,0.40936
392,0.5,4,0.03,1.41,0.12854
393,2,13,0.7,1.38,0.32192
394,2,5,0.07,1.51,0.21947
395,5,13,0.7,1.42,1.1683
396,7,9,0.5,1.46,1.8027
397,7,10,0.7,1.49,1.275
398,7,10,0.7,1.49,1.275
399,2,13,0.5,1.52,0.1113
400,2,13,0.5,1.52,0.1113
401,1,15,0.7,1.45,0.072324
402,7,10,0.5,1.5,1.4905
403,1,9,0.3,1.53,0.064591
404,1,9,0.3,1.53,0.064591
405,15,13,0.7,1.51,3.7008
406,10,4,0.3,1.49,2.2754
407,2,11,0.7,1.5,0.070442
408,1,120,1,1.34,0.11056
409,1,120,1,1.34,0.11056
410,1,120,1,1.34,0.11056
411,0.5,120,0.5,1.35,0.16899
412,0.2,50,0.3,1,0.085055
413,0.2,50,0.3,1,0.085055
414,0.5,5,0.05,1.37,0.11416
415,7,4,0.1,1.49,1.5799
416,0.2,80,0.7,1.1,0.30986
417,0.2,15,0.3,1.49,0.20258
418,5,50,0.7,1.55,0.17032
419,0.2,15,0.002,1.32,0.083446
420,0.2,30,0.5,1.11,0.25521
421,0.5,140,1,1.02,0.12966
422,0.5,4,0.003,1.19,0.12094
423,2,20,0.7,1.42,0.30152
424,0.2,220,0.7,1.18,0.31221
425,0.2,220,0.7,1.18,0.31221
426,1,12,0.5,1.12,0.2387
427,0.2,15,0.002,1.15,0.081226
428,0.2,15,0.002,1.15,0.081226
429,7,20,0.7,1.54,0.63373
430,0.2,11,0.005,1.19,0.11757
431,0.2,11,0.005,1.19,0.11757
432,0.5,5,0.3,1,0.1258
433,0.5,5,0.3,1,0.1258
434,0.5,5,0.3,1,0.1258
435,1,11,0.7,1.37,0.10367
436,0.5,40,1,1.11,0.12961
437,0.5,13,0.3,1.43,0.1224
438,5,2,0.005,1.4,1.1208
439,1,2,0.005,1.3,0.12229
440,1,2,0.005,1.3,0.12229
441,1,2,0.005,1.3,0.12229
442,0.5,2,0.01,1.17,0.12976
443,0.5,2,0.01,1.17,0.12976
444,0.2,18,0.05,1.26,0.081791
445,0.2,18,0.05,1.26,0.081791
446,18,20,0.7,1.55,2.8021
447,0.2,9,0.007,1.08,0.17242
448,0.2,9,0.007,1.08,0.17242
449,15,2,0.1,1.53,2.52
450,2,90,1,1.37,0.29352
451,1,4,0.01,1.38,0.14872
452,18,180,0.7,1.54,4.398
453,0.2,9,0.02,1.18,0.16417
454,0.2,9,0.02,1.18,0.16417
455,1,4,0.7,1.38,0.082287
456,0.2,18,0.002,1.16,0.08064
457,0.2,18,0.002,1.16,0.08064
458,0.5,13,0.5,1.46,0.14093
459,0.5,210,0.7,1.21,0.12655
460,0.5,210,0.7,1.21,0.12655
461,0.5,210,0.7,1.21,0.12655
462,0.5,150,0.7,1.36,0.12054
463,0.5,150,0.7,1.36,0.12054
464,0.5,140,0.7,1.34,0.12097
465,0.2,17,0.3,1.06,0.20572
466,1,210,0.7,1.14,0.26696
467,1,210,0.7,1.14,0.26696
468,1,5,0.001,1.36,0.2194
469,0.5,11,0.002,1.01,0.18258
470,0.5,11,0.002,1.01,0.18258
471,0.2,220,0.5,1.06,0.15073
472,0.2,220,0.5,1.06,0.15073
473,2,90,0.5,1.55,0.31898
474,0.5,10,0.003,1.03,0.17664
475,2,5,0.7,1.35,0.25868
476,0.5,5,0.05,1.22,0.12079
477,5,2,0.002,1.43,1.0062
478,5,2,0.002,1.43,1.0062
479,0.2,17,0.07,1.17,0.081927
480,0.2,17,0.07,1.17,0.081927
481,0.2,210,0.5,1.26,0.13638
482,0.2,13,0.01,1.19,0.093314
483,15,10,0.3,1.56,2.7347
484,1,2,0.03,1.15,0.16979
485,1,2,0.03,1.15,0.16979
486,1,10,1,1.08,0.15916
487,1,10,1,1.08,0.15916
488,0.5,5,0.001,1.2,0.12316
489,0.2,4,0.01,1.24,0.34155
490,0.2,10,0.1,1.4,0.1183
491,0.5,10,0.7,1.19,0.1287
492,0.2,210,0.5,1.46,0.15959
493,0.5,140,0.7,1.22,0.12576
494,0.5,140,0.7,1.22,0.12576
495,0.5,90,0.5,1.08,0.16408
496,0.2,160,0.7,1.03,0.29055
497,2,4,0.02,1.32,0.48152
498,7,5,0.5,1.45,1.5568
499,7,40,1,1.48,1.2596
500,0.2,220,0.5,1.12,0.14499
501,2,4,0.1,1.18,0.54112
502,7,30,1,1.39,1.8416
503,0.5,9,0.1,1.31,0.16079
504,0.5,80,0.5,1.31,0.15878
505,0.5,80,0.5,1.31,0.15878
506,2,2,0.5,1.34,0.21881
507,0.5,190,0.7,1.18,0.12763
508,0.5,190,0.7,1.18,0.12763
509,2,210,1,1.35,0.32517
510,0.2,17,0.3,1.13,0.20244
511,0.2,17,0.3,1.13,0.20244
512,1,170,1,1.36,0.1017
513,1,170,1,1.36,0.1017
514,0.5,9,1,1.22,0.15326
515,0.5,9,1,1.22,0.15326
516,0.5,9,1,1.22,0.15326
517,15,9,0.7,1.52,3.1363
518,15,90,1,1.5,3.6391
519,22,20,1,1.56,0.97165
520,22,20,1,1.56,0.97165
521,10,20,1,1.5,1.8087
522,0.2,70,0.5,1.33,0.21268
523,2,4,0.5,1.45,0.13363
524,2,4,0.5,1.45,0.13363
525,1,9,1,1.42,0.083629
526,1,9,1,1.42,0.083629
527,0.5,10,0.3,1.36,0.1171
528,2,18,0.5,1.38,0.51132
529,0.5,10,0.1,1.38,0.18543
530,1,30,0.7,1.44,0.094246
531,1,4,0.3,1.39,0.092679
532,1,4,0.3,1.39,0.092679
533,1,4,0.3,1.39,0.092679
534,1,9,0.3,1.43,0.16642
535,7,13,1,1.44,1.4443
536,2,5,0.07,1.52,0.17632
537,2,5,0.07,1.52,0.17632
538,15,17,1,1.56,0.14978
539,7,15,0.7,1.46,1.6801
540,15,2,0.7,1.47,3.3444
541,10,13,0.7,1.52,1.789
542,5,12,0.5,1.53,0.60377
543,1,15,0.5,1.52,0.070213
544,1,15,0.5,1.52,0.070213
545,1,15,0.5,1.52,0.070213
546,5,2,0.1,1.48,0.67586
547,5,5,1,1.48,0.45775
548,1,130,0.7,1.5,0.066508
549,5,120,1,1.35,1.3184
550,2,18,0.5,1.42,0.45351
551,0.5,17,0.7,1.3,0.12798
552,0.5,9,0.02,1.17,0.17191
553,1,210,0.7,1.36,0.18601
554,0.2,18,0.007,1.2,0.081369
555,1,2,0.001,1.03,0.20329
556,1,2,0.001,1.03,0.20329
557,0.5,10,0.02,1.16,0.18051
558,0.5,60,0.5,1.12,0.15542
559,0.5,2,0.001,1.1,0.12606
560,7,9,1,1.55,0.012428
561,7,9,1,1.55,0.012428
562,0.5,5,0.002,1.36,0.11447
563,0.5,5,0.002,1.36,0.11447
564,0.5,12,0.007,1,0.18727
565,2,130,1,1.04,0.54233
566,2,5,0.007,1.49,0.37424
567,0.2,150,0.7,1.07,0.2963
568,0.5,200,1,1.08,0.12917
569,0.5,140,0.7,1.24,0.12493
570,0.5,220,0.5,1.29,0.18713
571,0.5,18,0.3,1.42,0.1776
572,1,80,0.7,1.42,0.13105
573,0.5,5,0.007,1.49,0.1169
574,2,13,1,1.2,0.391
575,2,13,1,1.2,0.391
576,0.5,15,1,1.09,0.13567
577,0.2,17,0.005,1,0.088322
578,0.2,17,0.005,1,0.088322
579,0.5,110,1,1.19,0.13115
580,0.5,4,0.001,1.08,0.12466
581,0.5,11,0.07,1.08,0.1739
582,0.5,9,0.1,1.19,0.15552
583,0.5,50,0.7,1.15,0.12626
584,0.2,12,0.3,1.31,0.26172
585,2,2,0.003,1,0.54792
586,2,5,0.3,1.41,0.30345
587,5,4,0.05,1.46,1.19
588,0.2,90,0.7,1.17,0.32085
589,0.2,60,0.3,1.06,0.077953
590,7,4,0.5,1.46,1.3827
591,0.2,12,0.5,1.22,0.34981
592,0.5,30,1,1.27,0.14463
593,1,12,0.7,1.45,0.072616
594,1,12,0.7,1.45,0.072616
595,20,80,1,1.52,4.6986
596,1,9,0.7,1.07,0.19289
597,2,9,0.7,1.3,0.37197
598,0.2,9,0.02,1.06,0.17922
599,0.2,9,0.02,1.06,0.17922
600,1,140,0.7,1.41,0.14624
601,1,140,0.7,1.41,0.14624
602,0.5,80,0.5,1.2,0.16188
603,0.2,9,0.01,1.26,0.14178
604,0.2,10,0.001,1.07,0.15325
605,0.2,4,0.001,1.01,0.2952
606,0.5,9,0.002,1.06,0.17046
607,0.2,9,0.3,1.18,0.2964
608,1,100,0.7,1.13,0.2607
609,0.2,17,0.01,1.22,0.081258
610,0.2,9,0.007,1.48,0.087298
611,0.2,9,0.007,1.48,0.087298
612,1,17,0.7,1.35,0.13125
613,1,40,0.7,1.14,0.2384
614,1,40,0.7,1.14,0.2384
615,1,30,0.5,1.35,0.25951
616,0.5,5,0.01,1.19,0.12325
617,0.5,170,0.7,1.3,0.1225
618,1,5,0.07,1.19,0.24135
619,1,5,0.07,1.19,0.24135
620,0.2,11,0.05,1,0.16309
621,0.2,11,0.05,1,0.16309
622,0.2,11,0.05,1,0.16309
623,0.2,11,0.05,1,0.16309
624,0.2,11,0.05,1,0.16309
625,0.5,10,0.5,1.16,0.12327
626,1,50,1,1.3,0.12289
627,1,50,1,1.3,0.12289
628,2,160,1,1.44,0.18389
629,0.2,100,0.5,1.27,0.18008
630,0.5,4,0.03,1.24,0.11937
631,0.5,10,0.002,1.01,0.1761
632,0.5,10,0.002,1.01,0.1761
633,0.5,140,0.7,1.25,0.12451
634,0.5,140,0.7,1.25,0.12451
635,0.2,9,0.001,1.47,0.086566
636,0.2,9,0.001,1.47,0.086566
637,0.5,5,0.1,1.28,0.11786
638,0.5,5,0.1,1.28,0.11786
639,1,180,1,1.23,0.15675
640,0.2,13,0.07,1.28,0.092107
641,0.2,100,0.5,1.27,0.18008
642,0.2,100,0.5,1.27,0.18008
643,0.5,2,0.5,1.24,0.16953
644,0.5,2,0.5,1.24,0.16953
645,0.5,110,0.7,1.15,0.12791
646,0.2,12,0.001,1.04,0.12792
647,0.2,12,0.001,1.04,0.12792
648,0.5,2,0.001,1.35,0.15672
649,0.2,12,0.05,1.19,0.12064
650,0.2,12,0.05,1.19,0.12064
651,5,4,0.3,1.38,1.2556
652,0.5,110,0.7,1.19,0.12655
653,0.2,18,0.003,1.25,0.082819
654,2,4,0.07,1.24,0.51766
655,5,9,0.7,1.5,0.59906
656,0.5,50,1,1.24,0.13818
657,0.2,17,0.5,1.25,0.32247
658,2,4,0.1,1.3,0.45938
659,1,18,0.5,1.32,0.2194
660,2,12,1,1.28,0.3259
661,1,2,0.03,1.3,0.11975
662,1,2,0.3,1.35,0.082952
663,0.2,10,0.1,1.33,0.14827
664,0.5,5,0.05,1.35,0.11493
665,2,12,1,1.49,0.042045
666,2,12,1,1.49,0.042045
667,2,12,1,1.49,0.042045
668,2,4,0.5,1.43,0.16925
669,2,4,0.5,1.43,0.16925
670,2,10,0.5,1.48,0.20201
671,2,10,0.5,1.48,0.20201
672,2,10,0.5,1.48,0.20201
673,2,10,0.5,1.48,0.20201
674,2,10,0.5,1.48,0.20201
675,2,10,0.5,1.48,0.20201
676,2,10,0.5,1.48,0.20201
677,7,5,0.5,1.55,0.12051
678,5,11,0.3,1.55,0.84042
679,5,11,0.3,1.55,0.84042
680,10,11,1,1.51,1.4844
681,18,9,0.5,1.54,3.8216
682,1,12,0.5,1.19,0.22344
683,1,12,0.5,1.19,0.22344
684,0.2,200,0.5,1.21,0.14161
685,0.2,20,0.1,1.28,0.081757
686,0.2,20,0.1,1.28,0.081757
687,0.2,20,0.1,1.28,0.081757
688,1,5,0.007,1.15,0.26886
689,0.5,80,0.5,1.23,0.16146
690,1,2,0.5,1.14,0.13043
691,1,170,1,1.19,0.16962
692,1,170,1,1.19,0.16962
693,1,170,1,1.19,0.16962
694,18,2,0.01,1.52,4.0547
695,2,40,0.7,1.21,0.57717
696,0.2,9,0.02,1.43,0.081791
697,0.2,9,0.02,1.43,0.081791
698,0.2,9,0.02,1.43,0.081791
699,0.2,9,0.02,1.43,0.081791
700,0.2,90,0.5,1.31,0.1904
701,0.5,4,0.1,1.19,0.12146
702,0.5,4,0.1,1.19,0.12146
703,0.2,20,0.001,1.06,0.079885
704,1,2,0.07,1.3,0.116
705,1,130,1,1.39,0.08681
706,1,130,0.7,1.3,0.21331
707,1,130,0.7,1.3,0.21331
708,0.2,18,0.07,1.09,0.088254
709,1,9,1,1.36,0.077478
710,1,9,1,1.36,0.077478
711,1,9,1,1.36,0.077478
712,1,9,1,1.36,0.077478
713,1,9,1,1.36,0.077478
714,10,9,0.7,1.5,2.0249
715,0.2,9,0.007,1.13,0.16634
716,0.2,9,0.007,1.13,0.16634
717,0.2,9,0.007,1.13,0.16634
718,1,4,0.03,1.39,0.13773
719,1,4,0.03,1.39,0.13773
720,1,4,0.03,1.39,0.13773
721,0.5,4,0.02,1.37,0.11864
722,0.5,4,0.02,1.37,0.11864
723,0.2,17,0.02,1.18,0.080036
724,0.2,120,0.7,1.08,0.30035
725,1,120,1,1.41,0.077757
726,1,2,0.007,1.38,0.088306
727,1,2,0.007,1.38,0.088306
728,1,2,0.007,1.38,0.088306
729,0.5,190,0.7,1.07,0.13087
730,0.5,190,0.7,1.07,0.13087
731,0.5,190,0.7,1.07,0.13087
732,0.5,190,0.7,1.07,0.13087
733,0.5,4,0.3,1.18,0.12583
734,0.2,18,0.02,1.1,0.078925
735,0.2,18,0.02,1.1,0.078925
736,0.2,18,0.02,1.1,0.078925
737,0.2,18,0.02,1.1,0.078925
738,0.5,110,0.5,1.4,0.16182
739,0.5,9,0.03,1.05,0.16552
740,10,120,1,1.53,1.2682
741,0.5,10,0.02,1.1,0.17688
742,0.2,9,0.01,1.15,0.1647
743,1,4,0.07,1.31,0.16742
744,0.5,2,0.001,1.25,0.139
745,1,5,0.7,1.4,0.080331
746,1,5,0.7,1.4,0.080331
747,1,5,0.7,1.4,0.080331
748,1,5,0.7,1.4,0.080331
749,0.5,2,0.1,1.26,0.14802
750,1,4,0.01,1.4,0.13699
751,1,4,0.01,1.4,0.13699
752,0.5,90,0.5,1.35,0.15991
753,0.5,90,0.5,1.35,0.15991
754,0.5,11,0.1,1.1,0.16909
755,1,80,1,1.35,0.10411
756,0.5,40,0.5,1.5,0.11331
757,0.5,40,0.5,1.5,0.11331
758,1,110,1,1.02,0.20884
759,0.5,4,0.002,1.46,0.13968
760,2,20,0.7,1.2,0.52718
761,0.2,5,0.003,1.19,0.28309
762,2,4,1,1.3,0.23456
763,1,5,0.003,1.33,0.22927
764,1,12,0.5,1.04,0.25174
765,0.5,190,0.5,1.1,0.1779
766,2,18,1,1.07,0.47822
767,0.5,15,0.7,1.38,0.14378
768,1,4,0.3,1.16,0.17785
769,0.2,12,0.07,1.12,0.14261
770,2,140,0.5,1.56,0.23455
771,1,13,0.3,1.21,0.31549
772,2,4,0.002,1.42,0.37606
773,1,5,0.07,1.15,0.2497
774,0.5,70,1,1.02,0.12958
775,0.5,70,1,1.02,0.12958
776,0.5,70,1,1.02,0.12958
777,0.2,210,0.7,1.17,0.31035
778,10,140,0.7,1.53,2.1131
779,10,11,0.7,1.51,1.9344
780,1,90,1,1.21,0.16057
781,0.2,9,0.03,1.47,0.084816
782,0.2,9,0.03,1.47,0.084816
783,0.2,9,0.03,1.47,0.084816
784,0.2,9,0.03,1.47,0.084816
785,2,4,1,1.37,0.16164
786,0.2,11,0.05,1.14,0.14604
787,0.2,11,0.05,1.14,0.14604
788,0.2,11,0.05,1.14,0.14604
789,10,30,1,1.48,2.1802
790,0.2,13,0.007,1.25,0.079526
791,1,4,0.3,1.27,0.14398
792,1,4,0.3,1.27,0.14398
793,1,10,0.5,1.32,0.16269
794,1,10,0.5,1.32,0.16269
795,1,10,0.7,1.35,0.10944
796,1,18,0.7,1.42,0.093356
797,5,2,0.7,1.35,0.95646
798,7,5,0.7,1.52,0.62201
799,1,40,0.7,1.4,0.13101
800,1,40,0.7,1.4,0.13101
801,1,40,0.7,1.4,0.13101
802,5,2,0.7,1.47,0.46877
803,5,2,0.7,1.47,0.46877
804,5,11,0.5,1.5,0.91398
805,5,11,0.5,1.5,0.91398
806,2,11,0.3,1.52,0.35163
807,2,11,0.3,1.52,0.35163
808,18,4,1,1.47,4.4406
809,1,9,0.7,1.47,0.080767
810,1,9,0.7,1.47,0.080767
811,1,9,0.7,1.47,0.080767
812,5,10,0.7,1.5,0.62543
813,1,17,0.7,1.44,0.079928
814,2,13,0.7,1.52,0.038305
815,10,5,0.5,1.5,1.993
816,5,11,1,1.54,0.02906
817,18,9,1,1.5,4.1323
818,5,12,0.5,1.49,1.0385
819,10,2,0.7,1.53,0.65437
820,15,5,0.7,1.55,1.0585
821,5,12,0.5,1.5,0.95583
822,5,13,0.7,1.52,0.47716
823,5,13,0.7,1.52,0.47716
824,5,13,0.7,1.52,0.47716
825,5,13,0.7,1.52,0.47716
826,5,13,0.7,1.52,0.47716
827,5,13,0.7,1.52,0.47716
828,15,5,0.5,1.56,0.36315
829,10,9,0.5,1.56,0.21741
830,10,9,0.5,1.56,0.21741
831,5,5,0.7,1.53,0.14573
832,7,12,0.7,1.55,0.19434
833,7,12,0.7,1.55,0.19434
834,7,12,0.7,1.55,0.19434
835,7,12,0.7,1.55,0.19434
836,7,11,1,1.55,0.019063
837,5,9,0.7,1.55,0.016512
838,5,9,0.7,1.55,0.016512
839,7,10,1,1.53,0.3817
840,10,4,1,1.55,0.066737
841,0.2,200,0.5,1.03,0.1566
842,1,140,1,1.21,0.1627
843,0.2,4,0.005,1.2,0.32955
844,0.2,4,0.01,1.15,0.32047
845,1,5,0.003,1.15,0.26963
846,0.2,17,0.3,1.39,0.17227
847,1,5,0.01,1.23,0.25252
848,0.5,4,0.05,1.09,0.12392
849,2,220,1,1.15,0.49226
850,1,30,1,1.02,0.19536
851,0.2,13,0.001,1.03,0.11747
852,0.2,13,0.001,1.03,0.11747
853,0.2,13,0.001,1.03,0.11747
854,5,4,0.05,1.53,0.58169
855,1,4,0.7,1.17,0.1335
856,0.5,170,0.5,1.08,0.17534
857,0.2,17,0.07,1.13,0.088713
858,0.2,17,0.07,1.13,0.088713
859,0.5,9,0.001,1.14,0.17397
860,0.2,12,0.01,1,0.13561
861,0.2,12,0.01,1,0.13561
862,0.2,11,0.001,1.15,0.12442
863,2,80,1,1.25,0.41565
864,2,80,1,1.25,0.41565
865,1,180,0.7,1.23,0.24296
866,2,4,1,1.31,0.22517
867,5,20,1,1.39,1.0889
868,2,15,0.7,1.27,0.45042
869,0.5,9,0.01,1.29,0.18515
870,0.5,10,0.07,1.01,0.16515
871,0.2,17,0.05,1.2,0.079516
872,0.2,17,0.05,1.2,0.079516
873,1,5,0.5,1.43,0.076786
874,0.5,130,0.5,1.27,0.17345
875,0.5,130,0.5,1.27,0.17345
876,0.2,9,0.1,1.03,0.21106
877,1,10,0.5,1.36,0.14346
878,1,10,0.5,1.36,0.14346
879,1,2,0.005,1.35,0.10131
880,1,2,0.005,1.35,0.10131
881,1,2,0.005,1.35,0.10131
882,1,2,0.005,1.35,0.10131
883,1,2,0.005,1.35,0.10131
884,1,2,0.005,1.35,0.10131
885,5,4,1,1.22,1.25
886,2,18,1,1.34,0.28738
887,0.5,4,0.1,1.21,0.12104
888,0.5,11,0.007,1.11,0.18724
889,0.5,11,0.007,1.11,0.18724
890,0.5,11,0.007,1.11,0.18724
891,0.5,11,0.007,1.11,0.18724
892,2,4,0.01,1.53,0.069923
893,0.5,210,1,1.27,0.13787
894,0.2,11,0.003,1.34,0.080937
895,0.2,11,0.003,1.34,0.080937
896,0.2,11,0.003,1.34,0.080937
897,2,10,0.7,1.25,0.4245
898,0.2,15,0.02,1.32,0.082884
899,0.5,210,0.5,1.18,0.18277
900,0.5,210,0.5,1.18,0.18277
901,0.5,210,0.5,1.18,0.18277
902,1,5,0.03,1.21,0.24964
903,1,5,0.03,1.21,0.24964
904,1,5,0.03,1.21,0.24964
905,0.2,17,0.03,1.16,0.079252
906,0.2,17,0.03,1.16,0.079252
907,0.2,13,0.05,1.06,0.13059
908,0.2,13,0.05,1.06,0.13059
909,0.2,13,0.05,1.06,0.13059
910,0.5,5,0.1,1.11,0.12411
911,0.5,5,0.1,1.11,0.12411
912,0.2,12,0.001,1.08,0.12239
913,1,11,0.5,1.01,0.24996
914,18,150,0.7,1.55,3.5295
915,0.2,18,0.3,1.38,0.15863
916,0.2,18,0.3,1.38,0.15863
917,1,30,1,1.23,0.14272
918,1,18,1,1.09,0.17121
919,0.5,15,0.3,1.27,0.14932
920,0.5,15,0.3,1.27,0.14932
921,2,5,1,1.41,0.1248
922,2,5,1,1.41,0.1248
923,2,5,1,1.41,0.1248
924,0.2,50,0.3,1.13,0.077717
925,0.2,50,0.3,1.13,0.077717
926,0.5,90,1,1.27,0.13935
927,0.5,11,0.3,1.37,0.11859
928,0.5,11,0.3,1.37,0.11859
929,0.2,12,0.3,1.07,0.24981
930,0.2,11,0.5,1.11,0.3346
931,0.5,18,1,1.24,0.14581
932,2,60,1,1.26,0.40261
933,2,2,0.002,1.19,0.44651
934,0.2,11,0.02,1.16,0.12985
935,0.2,11,0.02,1.16,0.12985
936,0.2,11,0.02,1.16,0.12985
937,1,12,0.3,1.1,0.30996
938,0.5,210,0.5,1.34,0.18578
939,2,2,0.07,1.01,0.52553
940,0.2,17,0.3,1.25,0.19347
941,2,110,1,1.16,0.48146
942,0.2,12,0.01,1.15,0.11346
943,0.2,12,0.01,1.15,0.11346
944,0.2,12,0.01,1.15,0.11346
945,0.2,12,0.01,1.15,0.11346
946,0.2,12,0.01,1.15,0.11346
947,0.2,12,0.01,1.15,0.11346
948,1,5,0.03,1.4,0.18364
949,0.5,50,0.5,1.27,0.14558
950,0.5,9,0.1,1.37,0.1666
951,0.2,12,0.03,1.28,0.089369
952,0.2,12,0.03,1.28,0.089369
953,1,110,1,1.31,0.12384
954,1,110,1,1.31,0.12384
955,5,20,1,1.37,1.1548
956,5,20,0.7,1.48,0.94491
957,5,9,0.5,1.43,1.2462
958,2,10,1,1.42,0.15021
959,2,10,1,1.42,0.15021
960,1,4,1,1.37,0.087825
961,1,4,1,1.37,0.087825
962,1,4,1,1.37,0.087825
963,1,5,0.7,1.41,0.081462
964,1,5,0.7,1.41,0.081462
965,1,11,1,1.4,0.0794
966,2,4,0.1,1.41,0.33622
967,2,4,0.1,1.41,0.33622
968,2,4,0.1,1.41,0.33622
969,2,4,0.1,1.41,0.33622
970,2,4,0.1,1.41,0.33622
971,7,2,0.1,1.45,1.4688
972,1,11,0.5,1.51,0.074389
973,2,4,0.3,1.46,0.16597
974,2,5,0.5,1.46,0.14115
975,2,5,0.5,1.46,0.14115
976,1,15,0.5,1.47,0.098395
977,1,15,0.5,1.47,0.098395
978,1,15,0.5,1.47,0.098395
979,1,15,0.5,1.47,0.098395
980,1,15,0.5,1.47,0.098395
981,1,15,0.5,1.47,0.098395
982,1,15,0.5,1.47,0.098395
983,2,10,0.7,1.49,0.088092
984,5,5,0.5,1.53,0.25214
985,15,2,0.7,1.55,0.53524
986,15,2,0.7,1.55,0.53524
987,7,9,1,1.53,0.36409
988,5,12,0.7,1.55,0.028876
989,5,9,0.5,1.55,0.10535
990,7,12,0.5,1.51,1.4776
991,10,11,1,1.54,0.63868
992,10,11,1,1.54,0.63868
993,7,5,1,1.52,0.4228
994,10,5,1,1.53,0.75083
995,10,5,1,1.53,0.75083
996,5,11,0.7,1.52,0.43863
997,7,11,0.7,1.54,0.46055
998,7,9,0.7,1.55,0.13043
999,10,9,0.7,1.56,0.017376
1000,10,9,0.7,1.56,0.017376
1001,0.2,4,0.01,1.17,0.32452
1002,1,4,0.02,1.08,0.2444
1003,0.2,90,0.5,1.42,0.21523
1004,0.2,20,0.3,1.44,0.10241
1005,0.2,20,0.3,1.44,0.10241
1006,2,13,0.7,1.27,0.43606
1007,2,4,0.7,1.22,0.35147
1008,2,4,0.7,1.22,0.35147
1009,0.5,20,0.7,1.4,0.14208
1010,0.5,20,0.7,1.4,0.14208
1011,0.5,20,0.7,1.4,0.14208
1012,0.5,20,0.7,1.4,0.14208
1013,1,210,0.7,1.17,0.26048
1014,0.5,10,0.07,1.18,0.17142
1015,0.5,130,1,1.11,0.1291
1016,0.2,17,0.005,1.23,0.081663
1017,1,60,0.5,1.41,0.30648
1018,1,60,0.5,1.41,0.30648
1019,0.5,10,1,1.2,0.14941
1020,2,4,0.3,1.15,0.48928
1021,2,140,1,1.12,0.50592
1022,0.5,20,0.5,1.21,0.12508
1023,0.5,20,0.5,1.21,0.12508
1024,0.5,9,0.007,1.12,0.17186
1025,0.5,11,0.07,1.05,0.1727
1026,0.5,11,0.07,1.05,0.1727
1027,0.2,11,0.1,1,0.18188
1028,0.2,11,0.1,1,0.18188
1029,0.5,5,0.05,1.17,0.12292
1030,0.2,4,0.003,1.08,0.30612
1031,0.2,20,0.005,1.02,0.079286
1032,0.5,10,0.01,1.11,0.17924
1033,0.5,10,0.01,1.11,0.17924
1034,0.5,10,0.01,1.11,0.17924
1035,0.5,10,0.5,1.32,0.12168
1036,0.5,11,0.5,1.27,0.12085
1037,0.2,17,0.1,1.23,0.079378
1038,0.2,17,0.1,1.23,0.079378
1039,0.2,17,0.1,1.23,0.079378
1040,0.2,17,0.1,1.23,0.079378
1041,0.5,9,0.05,1.29,0.17419
1042,0.5,12,0.1,1.01,0.17185
1043,0.2,9,0.005,1.15,0.16255
1044,0.2,9,0.005,1.15,0.16255
1045,0.2,9,0.005,1.15,0.16255
1046,2,100,0.7,1.53,0.064218
1047,2,100,0.7,1.53,0.064218
1048,0.5,9,0.5,1.16,0.12345
1049,0.2,160,0.5,1.12,0.15766
1050,0.2,20,0.3,1.32,0.14885
1051,0.2,17,0.002,1.17,0.080346
1052,0.5,2,0.001,1.23,0.13625
1053,7,80,1,1.47,1.3917
1054,0.5,5,0.05,1.41,0.11347
1055,0.2,20,0.5,1.11,0.2855
1056,0.5,5,0.007,1.01,0.12978
1057,0.5,140,0.5,1.26,0.17539
1058,0.2,20,0.002,1.12,0.080752
1059,0.2,20,0.002,1.12,0.080752
1060,0.2,20,0.002,1.12,0.080752
1061,0.2,20,0.002,1.12,0.080752
1062,1,10,0.7,1.47,0.079093
1063,0.2,12,0.03,1.09,0.13128
1064,0.2,12,0.03,1.09,0.13128
1065,0.2,12,0.03,1.09,0.13128
1066,0.2,12,0.03,1.09,0.13128
1067,0.2,12,0.03,1.09,0.13128
1068,1,2,0.5,1.34,0.087168
1069,0.2,9,0.002,1.38,0.092732
1070,0.5,210,1,1.33,0.14646
1071,0.5,210,0.7,1.3,0.12257
1072,0.2,13,0.007,1.35,0.083079
1073,0.2,13,0.007,1.35,0.083079
1074,0.2,13,0.007,1.35,0.083079
1075,0.2,13,0.007,1.35,0.083079
1076,0.2,60,0.5,1.31,0.22201
1077,0.2,60,0.5,1.31,0.22201
1078,0.2,17,0.005,1.09,0.078666
1079,0.5,160,0.5,1.11,0.17533
1080,1,80,1,1.29,0.13066
1081,0.2,20,0.003,1.08,0.080039
1082,0.2,20,0.003,1.08,0.080039
1083,0.2,120,0.7,1.16,0.3142
1084,0.5,5,1,1.1,0.15294
1085,0.5,5,1,1.1,0.15294
1086,1,40,1,1.14,0.17299
1087,1,40,1,1.14,0.17299
1088,2,140,0.7,1.36,0.49564
1089,2,140,0.7,1.36,0.49564
1090,2,210,1,1.15,0.49211
1091,2,210,1,1.15,0.49211
1092,2,4,0.3,1.2,0.46027
1093,18,220,1,1.52,4.0157
1094,0.5,2,0.003,1.05,0.12604
1095,0.5,2,0.003,1.05,0.12604
1096,0.5,12,0.01,1.02,0.18777
1097,0.2,20,0.001,1.15,0.081375
1098,2,2,0.5,1.45,0.074723
1099,10,220,1,1.5,1.9787
1100,7,100,1,1.53,0.58297
1101,0.2,11,0.1,1.3,0.13402
1102,0.5,130,0.7,1.25,0.12442
1103,0.5,9,0.5,1.41,0.14195
1104,1,70,0.7,1.47,0.085497
1105,1,70,0.7,1.47,0.085497
1106,1,30,0.5,1.41,0.22703
1107,0.5,160,0.7,1.3,0.12247
1108,7,100,1,1.46,1.4841
1109,0.5,5,0.05,1.48,0.12681
1110,0.5,5,0.05,1.48,0.12681
1111,0.5,5,0.05,1.48,0.12681
1112,2,5,0.7,1.39,0.2088
1113,7,4,0.03,1.55,0.55551
1114,0.5,13,0.5,1.32,0.11935
1115,2,5,1,1.43,0.096687
1116,2,5,1,1.43,0.096687
1117,2,12,0.7,1.36,0.33928
1118,2,13,1,1.37,0.2354
1119,2,13,1,1.37,0.2354
1120,1,12,0.3,1.38,0.27109
1121,2,12,0.3,1.47,0.5886
1122,10,2,0.7,1.39,2.4518
1123,10,2,0.7,1.39,2.4518
1124,2,17,0.5,1.39,0.4855
1125,0.5,17,0.3,1.42,0.16894
1126,10,5,0.5,1.54,0.95722
1127,5,17,0.5,1.51,1.0362
1128,5,17,0.5,1.51,1.0362
1129,5,17,0.5,1.51,1.0362
1130,2,17,0.7,1.53,0.038771
1131,15,15,1,1.55,1.062
1132,18,11,0.5,1.54,4.1242
1133,15,11,0.7,1.51,3.5923
1134,7,17,1,1.53,0.46009
1135,18,9,1,1.53,2.9448
1136,7,9,0.5,1.48,1.6362
1137,2,11,0.5,1.54,0.037698
1138,7,12,1,1.55,0.022673
1139,2,2,0.7,1.48,0.049875
1140,7,9,1,1.52,0.54205
1141,7,4,1,1.52,0.37574
1142,10,9,0.5,1.55,0.92858
1143,2,5,0.3,1.06,0.56998
1144,2,11,0.7,1.38,0.30476
1145,0.5,17,1,1.1,0.13496
1146,1,4,0.002,1.37,0.15624
1147,2,15,0.7,1.09,0.55778
1148,0.5,2,0.005,1.24,0.13796
1149,0.5,2,0.005,1.24,0.13796
1150,0.5,2,0.005,1.24,0.13796
1151,0.5,190,0.7,1.3,0.12254
1152,20,150,1,1.56,0.90847
1153,0.2,160,0.7,1.01,0.2883
1154,1,10,0.5,1.27,0.18325
1155,0.2,10,0.01,1.01,0.16266
1156,0.2,10,0.01,1.01,0.16266
1157,0.2,9,0.03,1.05,0.18383
1158,0.2,13,0.01,1.16,0.099418
1159,0.2,13,0.01,1.16,0.099418
1160,2,180,1,1.19,0.46703
1161,1,140,1,1.34,0.11098
1162,1,140,1,1.34,0.11098
1163,0.2,15,0.02,1.2,0.079265
1164,0.2,13,0.1,1.08,0.14799
1165,0.2,15,0.07,1.26,0.079061
1166,0.2,15,0.07,1.26,0.079061
1167,5,13,1,1.34,1.191
1168,0.5,30,1,1.12,0.13144
1169,0.2,15,0.001,1.04,0.097006
1170,0.2,15,0.001,1.04,0.097006
1171,0.2,10,0.002,1.41,0.083468
1172,0.2,10,0.002,1.41,0.083468
1173,0.2,10,0.002,1.41,0.083468
1174,1,140,1,1.46,0.077996
1175,1,140,1,1.46,0.077996
1176,1,140,1,1.46,0.077996
1177,1,140,1,1.46,0.077996
1178,2,20,0.7,1.16,0.55055
1179,2,2,0.007,1.05,0.52358
1180,2,2,0.007,1.05,0.52358
1181,0.5,120,0.7,1.3,0.12229
1182,0.5,120,0.7,1.3,0.12229
1183,0.5,15,0.5,1.4,0.11868
1184,0.5,15,0.5,1.4,0.11868
1185,0.2,11,0.003,1.19,0.11681
1186,2,5,1,1.22,0.31484
1187,0.2,5,0.05,1.21,0.30365
1188,1,40,0.7,1.04,0.25624
1189,1,40,0.7,1.04,0.25624
1190,1,4,0.05,1.04,0.24584
1191,0.5,60,0.5,1.03,0.1555
1192,0.2,10,0.05,1.17,0.15867
1193,0.2,11,0.005,1.42,0.085045
1194,0.2,10,0.01,1.25,0.1222
1195,0.2,18,0.002,1.14,0.080232
1196,0.2,18,0.002,1.14,0.080232
1197,0.5,4,0.03,1.43,0.134
1198,7,9,1,1.51,0.69701
1199,0.5,5,0.002,1.27,0.11971
1200,5,2,0.001,1.48,0.73525
1201,2,4,0.007,1.41,0.3879
1202,0.2,20,0.05,1.17,0.080383
1203,1,40,1,1.22,0.14995
1204,0.2,10,0.7,1,0.37319
1205,1,2,0.07,1.35,0.095912
1206,1,210,1,1.39,0.087456
1207,1,210,1,1.39,0.087456
1208,1,210,1,1.39,0.087456
1209,0.2,120,0.5,1.38,0.17838
1210,0.2,120,0.5,1.38,0.17838
1211,2,2,0.1,1.22,0.40192
1212,0.2,5,0.01,1.11,0.27736
1213,0.2,5,0.01,1.11,0.27736
1214,2,13,0.7,1.19,0.49181
1215,0.2,160,0.5,1.24,0.15129
1216,0.5,40,0.5,1.35,0.12728
1217,2,10,0.5,1.4,0.36227
1218,0.5,4,0.07,1.14,0.12238
1219,7,2,0.001,1.47,1.3963
1220,1,13,0.5,1.33,0.18254
1221,1,10,1,1.1,0.15481
1222,0.5,2,0.02,1.04,0.12631
1223,0.5,90,0.7,1.36,0.12083
1224,0.5,90,0.7,1.36,0.12083
1225,10,15,0.5,1.53,2.245
1226,0.5,120,0.5,1.07,0.16922
1227,0.2,70,0.5,1.12,0.2001
1228,0.5,5,0.002,1.48,0.11273
1229,0.5,5,0.002,1.48,0.11273
1230,0.5,200,0.7,1.12,0.12965
1231,0.5,200,0.7,1.12,0.12965
1232,0.5,200,0.7,1.12,0.12965
1233,0.5,200,0.7,1.12,0.12965
1234,0.2,210,0.5,1.08,0.15039
1235,0.2,11,0.001,1.16,0.12241
1236,0.2,11,0.001,1.16,0.12241
1237,0.2,70,0.3,1.08,0.08013
1238,1,9,1,1.29,0.099009
1239,0.2,120,0.5,1.13,0.17051
1240,2,180,1,1.17,0.47952
1241,5,2,0.002,1.37,1.2183
1242,0.2,4,0.003,1.1,0.30938
1243,0.2,15,0.007,1.22,0.080213
1244,1,20,0.7,1.05,0.23167
1245,0.5,220,1,1.09,0.1291
1246,0.2,15,0.007,1.21,0.07996
1247,0.2,15,0.007,1.21,0.07996
1248,1,130,1,1.18,0.17166
1249,0.2,12,0.07,1.33,0.089251
1250,0.2,12,0.07,1.33,0.089251
1251,0.2,5,0.07,1.26,0.32151
1252,20,100,0.7,1.55,4.111
1253,0.5,90,0.5,1.44,0.14624
1254,1,20,0.7,1.32,0.15244
1255,1,30,1,1.33,0.10485
1256,2,4,0.02,1.51,0.1454
1257,0.5,80,0.5,1.34,0.15677
1258,0.5,80,0.5,1.34,0.15677
1259,0.5,80,0.5,1.34,0.15677
1260,0.5,80,0.5,1.34,0.15677
1261,0.2,60,0.5,1.34,0.22742
1262,0.2,60,0.5,1.34,0.22742
1263,10,9,1,1.44,2.3693
1264,1,12,0.7,1.48,0.078588
1265,1,12,0.7,1.48,0.078588
1266,0.5,4,0.07,1.44,0.14391
1267,2,13,0.3,1.51,0.58209
1268,5,9,0.3,1.52,1.0666
1269,0.5,17,0.3,1.4,0.16689
1270,0.5,17,0.3,1.4,0.16689
1271,0.5,17,0.3,1.4,0.16689
1272,15,13,0.7,1.55,1.735
1273,15,13,0.7,1.55,1.735
1274,5,4,0.7,1.47,0.6183
1275,5,5,0.3,1.54,0.26009
1276,15,10,1,1.52,2.589
1277,5,4,0.7,1.46,0.67803
1278,5,13,0.7,1.51,0.59125
1279,2,12,0.3,1.53,0.38311
1280,5,9,0.5,1.48,0.97758
1281,0.2,11,0.05,1.06,0.1573
1282,0.2,15,0.05,1.16,0.09272
1283,0.2,20,0.3,1.41,0.11817
1284,1,100,0.7,1.12,0.26266
1285,1,12,0.3,1.14,0.30709
1286,2,130,1,1.42,0.21986
1287,0.5,100,0.5,1.17,0.16717
1288,0.5,100,0.5,1.17,0.16717
1289,2,18,1,1.42,0.178
1290,0.5,30,0.7,1.35,0.12504
1291,0.5,30,0.7,1.35,0.12504
1292,2,60,1,1.31,0.35705
1293,0.2,9,0.001,1.35,0.10575
1294,0.5,70,0.7,1.15,0.127
1295,0.2,12,0.07,1.4,0.082147
1296,0.2,12,0.07,1.4,0.082147
1297,0.2,190,0.7,1.05,0.29139
1298,0.2,15,0.3,1.07,0.22151
1299,0.2,15,0.3,1.07,0.22151
1300,0.2,20,0.01,1.14,0.080925
1301,0.2,20,0.01,1.14,0.080925
1302,0.2,20,0.01,1.14,0.080925
1303,0.2,10,0.05,1.1,0.16877
1304,0.5,210,0.7,1.37,0.12031
1305,0.5,190,0.5,1.23,0.18224
1306,1,50,0.7,1.35,0.16868
1307,2,170,1,1.46,0.1423
1308,2,5,0.5,1.13,0.47599
1309,1,12,1,1.1,0.15951
1310,1,12,1,1.1,0.15951
1311,1,12,1,1.1,0.15951
1312,0.2,11,0.01,1.41,0.084219
1313,2,20,0.5,1.5,0.28137
1314,0.5,5,0.01,1.39,0.11279
1315,0.5,4,0.05,1.05,0.12501
1316,0.5,4,0.05,1.05,0.12501
1317,0.2,18,0.03,1.21,0.08095
1318,0.2,18,0.03,1.21,0.08095
1319,2,180,0.7,1.38,0.47344
1320,2,10,0.7,1.4,0.26646
1321,0.2,17,0.03,1.22,0.080663
1322,5,5,0.3,1.47,0.98765
1323,18,4,1,1.51,3.3894
1324,0.5,10,0.001,1.03,0.17701
1325,0.5,70,1,1.01,0.12965
1326,0.5,70,1,1.01,0.12965
1327,0.5,70,1,1.01,0.12965
1328,0.2,15,0.05,1.35,0.083068
1329,0.2,15,0.05,1.35,0.083068
1330,0.2,15,0.05,1.35,0.083068
1331,0.2,15,0.05,1.35,0.083068
1332,1,9,0.7,1.32,0.11822
1333,18,15,1,1.52,3.6661
1334,0.5,100,1,1.31,0.14443
1335,1,150,1,1.36,0.1016
1336,1,18,0.5,1.52,0.065316
1337,1,18,0.5,1.52,0.065316
1338,1,18,0.5,1.52,0.065316
1339,7,4,0.02,1.51,1.501
1340,5,10,0.7,1.36,1.3093
1341,0.2,18,0.1,1.15,0.08795
1342,0.2,18,0.1,1.15,0.08795
1343,0.2,18,0.1,1.15,0.08795
1344,0.2,10,0.002,1.09,0.15098
1345,0.2,15,0.003,1.27,0.0817
1346,0.2,15,0.003,1.27,0.0817
1347,30,10,1,1.53,6.7528
1348,0.5,9,0.007,1.09,0.17064
1349,0.5,4,0.02,1.04,0.12574
1350,2,70,1,1.39,0.262
1351,0.2,2,0.005,1.02,0.36464
1352,1,2,0.005,1.12,0.18071
1353,0.2,12,0.001,1.21,0.097443
1354,0.2,12,0.001,1.21,0.097443
1355,20,120,0.7,1.56,2.4714
1356,2,17,0.7,1.34,0.39686
1357,0.5,2,1,1.15,0.17847
1358,0.2,13,0.1,1.33,0.089151
1359,0.2,50,0.3,1.07,0.076331
1360,0.2,50,0.3,1.07,0.076331
1361,0.2,50,0.3,1.07,0.076331
1362,0.2,11,0.05,1.19,0.13646
1363,0.5,5,0.07,1.02,0.12756
1364,0.2,20,0.003,1.18,0.082088
1365,0.2,20,0.003,1.18,0.082088
1366,20,2,0.003,1.52,4.7513
1367,0.5,2,0.01,1.12,0.12639
1368,2,4,1,1.08,0.37942
1369,20,11,0.7,1.53,4.5066
1370,0.2,10,0.007,1.16,0.14167
1371,0.2,10,0.007,1.16,0.14167
1372,0.5,10,0.5,1.17,0.12305
1373,1,60,0.5,1.36,0.3295
1374,0.2,9,0.003,1.06,0.17292
1375,0.2,9,0.003,1.06,0.17292
1376,28,2,0.002,1.54,6.0871
1377,28,2,0.002,1.54,6.0871
1378,5,5,0.5,1.43,1.0136
1379,0.5,200,0.7,1.15,0.12873
1380,2,2,0.3,1.36,0.23182
1381,0.5,13,0.3,1.31,0.13445
1382,22,11,1,1.55,2.417
1383,0.5,90,0.5,1.4,0.15443
1384,7,10,0.5,1.55,0.42388
1385,0.2,15,0.3,1.31,0.21397
1386,0.2,9,0.05,1.16,0.18093
1387,28,4,0.7,1.52,6.7733
1388,10,80,1,1.54,0.89524
1389,10,80,1,1.54,0.89524
1390,2,5,0.03,1.44,0.44685
1391,0.5,11,1,1.28,0.15786
1392,2,5,0.1,1.5,0.22607
1393,2,5,0.1,1.5,0.22607
1394,15,5,0.07,1.55,3.1848
1395,0.2,30,0.3,1.32,0.077533
1396,0.2,30,0.3,1.32,0.077533
1397,1,20,0.5,1.33,0.22593
1398,1,70,0.7,1.4,0.14399
1399,1,70,0.7,1.4,0.14399
1400,5,10,0.5,1.52,0.65749
1401,2,15,1,1.44,0.13608
1402,0.5,13,0.3,1.5,0.11271
1403,0.5,13,0.3,1.5,0.11271
1404,0.5,30,0.5,1.43,0.11597
1405,7,20,1,1.5,0.96475
1406,15,5,1,1.51,2.6021
1407,15,5,0.7,1.54,1.7821
1408,2,4,0.5,1.47,0.095021
1409,2,4,0.5,1.47,0.095021
1410,2,4,0.5,1.47,0.095021
1411,10,5,0.5,1.49,2.1504
1412,1,13,0.3,1.48,0.25389
1413,5,5,0.3,1.51,0.67292
1414,1,2,0.5,1.1,0.14
1415,1,70,1,1.34,0.108
1416,20,4,0.5,1.56,0.79526
1417,0.2,60,0.7,1.18,0.33184
1418,1,9,1,1.32,0.089295
1419,1,9,1,1.32,0.089295
1420,1,9,1,1.32,0.089295
1421,0.2,90,0.7,1.2,0.32792
1422,0.2,90,0.7,1.2,0.32792
1423,0.2,15,0.003,1.15,0.08146
1424,0.2,15,0.003,1.15,0.08146
1425,0.2,15,0.003,1.15,0.08146
1426,2,9,1,1.19,0.37536
1427,0.5,17,0.3,1.12,0.15673
1428,2,5,0.3,1.16,0.52357
1429,0.2,12,0.01,1.36,0.082568
1430,0.2,20,0.3,1.25,0.16333
1431,1,160,1,1.22,0.15985
1432,0.2,150,0.5,1.1,0.16176
1433,0.5,150,0.5,1.18,0.17596
1434,0.5,150,0.5,1.18,0.17596
1435,0.5,150,0.5,1.18,0.17596
1436,0.5,2,0.1,1.11,0.13026
1437,1,100,1,1.46,0.078367
1438,5,60,1,1.37,1.2327
1439,0.2,17,0.1,1.09,0.10563
1440,0.2,12,0.05,1.39,0.082439
1441,0.2,12,0.05,1.39,0.082439
1442,0.2,12,0.05,1.39,0.082439
1443,0.2,12,0.05,1.39,0.082439
1444,1,17,0.5,1.12,0.26541
1445,0.2,12,0.05,1.43,0.084914
1446,0.2,12,0.05,1.43,0.084914
1447,1,10,0.7,1.11,0.18915
1448,0.5,10,0.5,1.34,0.12378
1449,1,130,1,1.39,0.08681
1450,1,130,1,1.39,0.08681
1451,2,120,0.7,1.24,0.61257
1452,2,120,0.7,1.24,0.61257
1453,0.2,20,0.02,1.01,0.078431
1454,0.5,160,0.5,1.23,0.1783
1455,1,4,1,1.17,0.11271
1456,2,2,0.01,1.37,0.28303
1457,1,220,0.7,1.12,0.27125
1458,0.5,190,0.7,1.15,0.12867
1459,1,60,0.7,1.28,0.20779
1460,0.2,10,0.3,1.08,0.27294
1461,2,200,1,1.43,0.20372
1462,0.2,100,0.7,1.07,0.30153
1463,0.2,11,0.07,1.12,0.15773
1464,0.5,2,0.007,1.19,0.13182
1465,5,2,0.3,1.41,0.92795
1466,2,90,1,1.24,0.42518
1467,0.5,18,0.7,1.02,0.12693
1468,0.5,18,0.7,1.02,0.12693
1469,0.5,18,0.7,1.02,0.12693
1470,1,5,0.01,1.5,0.10895
1471,1,5,0.01,1.5,0.10895
1472,1,5,0.01,1.5,0.10895
1473,2,150,1,1.32,0.35776
1474,0.2,10,0.001,1.31,0.099365
1475,0.5,5,0.05,1.23,0.12038
1476,0.2,150,0.7,1.08,0.29771
1477,1,10,0.7,1.31,0.12696
1478,1,20,0.5,1.36,0.21185
1479,1,20,0.5,1.36,0.21185
1480,0.5,120,0.7,1.02,0.13122
1481,15,17,1,1.49,3.6047
1482,1,170,0.7,1.01,0.28531
1483,1,170,0.7,1.01,0.28531
1484,5,4,0.05,1.49,1.0041
1485,2,9,0.5,1.12,0.5678
1486,20,30,1,1.56,0.78607
1487,0.2,5,0.003,1.14,0.27785
1488,0.2,17,0.3,1.51,0.1089
1489,0.2,17,0.3,1.51,0.1089
1490,28,130,0.7,1.55,6.867
1491,0.5,9,0.02,1.24,0.17704
1492,0.5,200,0.7,1.07,0.13094
1493,2,18,0.7,1.25,0.48345
1494,0.2,15,0.3,1.46,0.2048
1495,2,20,1,1.3,0.33346
1496,1,13,1,1.37,0.078776
1497,1,13,1,1.37,0.078776
1498,0.2,60,0.7,1.21,0.33958
1499,0.2,12,0.05,1.27,0.10003
1500,0.2,12,0.05,1.27,0.10003
1501,10,2,0.02,1.5,1.96
1502,1,17,0.7,1.01,0.23172
1503,0.5,17,0.3,1.12,0.15673
1504,1,170,1,1.34,0.11135
1505,7,200,1,1.55,0.094119
1506,7,200,1,1.55,0.094119
1507,7,200,1,1.55,0.094119
1508,7,200,1,1.55,0.094119
1509,0.5,100,0.5,1.4,0.15836
1510,0.5,100,0.5,1.4,0.15836
1511,2,9,0.7,1.22,0.43474
1512,0.2,11,0.005,1.1,0.13457
1513,1,10,1,1.13,0.14779
1514,0.5,10,0.05,1.03,0.16891
1515,1,11,0.5,1.1,0.23588
1516,1,11,0.5,1.1,0.23588
1517,0.5,15,1,1.11,0.13694
1518,0.5,15,1,1.11,0.13694
1519,0.5,15,1,1.11,0.13694
1520,0.2,17,0.07,1.3,0.081725
1521,0.2,17,0.07,1.3,0.081725
1522,2,2,1,1.33,0.1595
1523,2,2,1,1.33,0.1595
1524,0.5,15,0.3,1.37,0.14931
1525,2,30,1,1.51,0.040516
1526,2,30,1,1.51,0.040516
1527,5,50,1,1.51,0.45023
1528,5,50,1,1.51,0.45023
1529,0.2,9,0.3,1.31,0.31995
1530,0.2,9,0.3,1.31,0.31995
1531,0.2,11,0.1,1.49,0.086262
1532,22,30,1,1.53,4.6648
1533,0.5,18,0.5,1.35,0.1181
1534,0.5,18,0.5,1.35,0.1181
1535,2,12,0.7,1.49,0.1022
1536,7,18,1,1.39,1.7745
1537,0.5,9,0.5,1.41,0.14195
1538,0.5,9,0.5,1.41,0.14195
1539,0.5,9,0.5,1.41,0.14195
1540,1,11,0.5,1.49,0.068022
1541,2,20,0.5,1.52,0.19478
1542,5,12,1,1.47,0.6567
1543,5,12,1,1.47,0.6567
1544,10,17,1,1.5,1.7774
1545,1,13,1,1.44,0.083168
1546,7,15,1,1.49,1.0423
1547,7,15,1,1.49,1.0423
1548,7,9,0.5,1.47,1.7237
1549,18,15,1,1.56,0.38363
1550,2,9,1,1.47,0.062775
1551,2,4,1,1.48,0.046193
1552,2,4,1,1.48,0.046193
1553,2,4,1,1.48,0.046193
1554,10,5,0.5,1.52,1.5854
1555,2,9,1,1.21,0.36225
1556,0.5,5,0.1,1.36,0.11612
1557,0.5,5,0.1,1.36,0.11612
1558,5,13,0.7,1.39,1.2812
1559,0.2,5,0.07,1.16,0.30302
1560,0.5,9,0.05,1.17,0.16565
0,7,9,1,1.55,0.012428
